typeCode,freqCode,refPeriodId,refYear,refMonth,period,reporterCode,reporterISO,reporterDesc,flowCode,flowDesc,partnerCode,partnerISO,partnerDesc,partner2Code,partner2ISO,partner2Desc,classificationCode,classificationSearchCode,isOriginalClassification,cmdCode,cmdDesc,aggrLevel,isLeaf,customsCode,customsDesc,mosCode,motCode,motDesc,qtyUnitCode,qtyUnitAbbr,qty,isQtyEstimated,altQtyUnitCode,altQtyUnitAbbr,altQty,isAltQtyEstimated,netWgt,isNetWgtEstimated,grossWgt,isGrossWgtEstimated,cifvalue,fobvalue,primaryValue,legacyEstimationFlag,isReported,isAggregate
C,A,20240101,2024,52,2024,31,AZE,Azerbaijan,M,Import,0,W00,World,0,W00,World,H6,HS,TRUE,260300,Copper ores and concentrates,6,TRUE,C00,TOTAL CPC,0,0,TOTAL MOT,8,kg,7.9,FALSE,8,kg,7.9,FALSE,7.9,FALSE,0,FALSE,295.9,,295.9,0,FALSE,TRUE
C,A,20240101,2024,52,2024,31,AZE,Azerbaijan,X,Export,0,W00,World,0,W00,World,H6,HS,TRUE,260300,Copper ores and concentrates,6,TRUE,C00,TOTAL CPC,0,0,TOTAL MOT,8,kg,1220564.7,FALSE,8,kg,1220564.7,FALSE,1220564.7,FALSE,0,FALSE,,2090464.2,2090464.2,0,FALSE,TRUE
C,A,20240101,2024,52,2024,36,AUS,Australia,M,Import,0,W00,World,0,W00,World,H6,HS,TRUE,260300,Copper ores and concentrates,6,TRUE,C00,TOTAL CPC,0,0,TOTAL MOT,-1,N/A,0,FALSE,8,kg,53031.9,FALSE,,FALSE,58.371,FALSE,167691.412,157757.206,167691.412,0,FALSE,TRUE
C,A,20240101,2024,52,2024,36,AUS,Australia,X,Export,0,W00,World,0,W00,World,H6,HS,TRUE,260300,Copper ores and concentrates,6,TRUE,C00,TOTAL CPC,0,0,TOTAL MOT,8,kg,1270480150,FALSE,21,1000 KG,1270480.15,FALSE,1270480150,FALSE,1276328.78,FALSE,,4167719590,4167719590,0,FALSE,TRUE
C,A,20240101,2024,52,2024,51,ARM,Armenia,M,Import,0,W00,World,0,W00,World,H6,HS,TRUE,260300,Copper ores and concentrates,6,TRUE,C00,TOTAL CPC,0,0,TOTAL MOT,8,kg,3,FALSE,8,kg,3,FALSE,3,FALSE,0,FALSE,2.4,,2.4,0,FALSE,TRUE
C,A,20240101,2024,52,2024,51,ARM,Armenia,X,Export,0,W00,World,0,W00,World,H6,HS,TRUE,260300,Copper ores and concentrates,6,TRUE,C00,TOTAL CPC,0,0,TOTAL MOT,8,kg,341503060.9,FALSE,8,kg,341503060.9,FALSE,341503060.9,FALSE,0,FALSE,,558277605.4,558277605.4,0,FALSE,TRUE
C,A,20240101,2024,52,2024,56,BEL,Belgium,M,Import,0,W00,World,0,W00,World,H6,HS,TRUE,260300,Copper ores and concentrates,6,TRUE,C00,TOTAL CPC,0,0,TOTAL MOT,-1,N/A,0,FALSE,8,kg,128617.46,FALSE,,FALSE,0,FALSE,1729850.353,,1729850.353,0,FALSE,TRUE
C,A,20240101,2024,52,2024,56,BEL,Belgium,X,Export,0,W00,World,0,W00,World,H6,HS,TRUE,260300,Copper ores and concentrates,6,TRUE,C00,TOTAL CPC,0,0,TOTAL MOT,8,kg,909903.25,FALSE,8,kg,909903.25,FALSE,909903.25,FALSE,0,FALSE,,3273913.498,3273913.498,0,FALSE,TRUE
C,A,20240101,2024,52,2024,76,BRA,Brazil,M,Import,0,W00,World,0,W00,World,H6,HS,TRUE,260300,Copper ores and concentrates,6,TRUE,C00,TOTAL CPC,0,0,TOTAL MOT,8,kg,2950,FALSE,8,kg,2950,FALSE,2950,FALSE,0,FALSE,2770,1898,2770,0,FALSE,TRUE
C,A,20240101,2024,52,2024,76,BRA,Brazil,X,Export,0,W00,World,0,W00,World,H6,HS,TRUE,260300,Copper ores and concentrates,6,TRUE,C00,TOTAL CPC,0,0,TOTAL MOT,8,kg,1422911116,TRUE,8,kg,1422910195,FALSE,1422905088,TRUE,0,FALSE,,4160171331,4160171331,6,FALSE,TRUE
C,A,20240101,2024,52,2024,31,AZE,Azerbaijan,M,Import,0,W00,World,0,W00,World,H6,HS,TRUE,740311,"Copper; refined, unwrought, cathodes and sections of cathodes",6,TRUE,C00,TOTAL CPC,0,0,TOTAL MOT,8,kg,70512,FALSE,8,kg,70512,FALSE,70512,FALSE,0,FALSE,558902.7,,558902.7,0,FALSE,TRUE
C,A,20240101,2024,52,2024,31,AZE,Azerbaijan,X,Export,0,W00,World,0,W00,World,H6,HS,TRUE,740311,"Copper; refined, unwrought, cathodes and sections of cathodes",6,TRUE,C00,TOTAL CPC,0,0,TOTAL MOT,8,kg,1309500,FALSE,8,kg,1309500,FALSE,1309500,FALSE,0,FALSE,,11778133.06,11778133.06,0,FALSE,TRUE
C,A,20240101,2024,52,2024,36,AUS,Australia,M,Import,0,W00,World,0,W00,World,H6,HS,TRUE,740311,"Copper; refined, unwrought, cathodes and sections of cathodes",6,TRUE,C00,TOTAL CPC,0,0,TOTAL MOT,8,kg,10,FALSE,21,1000 KG,0.01,FALSE,10,FALSE,0.017,FALSE,788.005,674.6,788.005,0,FALSE,TRUE
C,A,20240101,2024,52,2024,36,AUS,Australia,X,Export,0,W00,World,0,W00,World,H6,HS,TRUE,740311,"Copper; refined, unwrought, cathodes and sections of cathodes",6,TRUE,C00,TOTAL CPC,0,0,TOTAL MOT,8,kg,394814980,FALSE,21,1000 KG,394814.98,FALSE,394814980,FALSE,395670.872,FALSE,,3546725897,3546725897,0,FALSE,TRUE
C,A,20240101,2024,52,2024,51,ARM,Armenia,M,Import,0,W00,World,0,W00,World,H6,HS,TRUE,740311,"Copper; refined, unwrought, cathodes and sections of cathodes",6,TRUE,C00,TOTAL CPC,0,0,TOTAL MOT,-1,N/A,0,FALSE,8,kg,0.01,FALSE,,FALSE,0,FALSE,245.54,,245.54,0,FALSE,TRUE
C,A,20240101,2024,52,2024,56,BEL,Belgium,M,Import,0,W00,World,0,W00,World,H6,HS,TRUE,740311,"Copper; refined, unwrought, cathodes and sections of cathodes",6,TRUE,C00,TOTAL CPC,0,0,TOTAL MOT,-1,N/A,0,FALSE,8,kg,41998922.76,FALSE,,FALSE,0,FALSE,401842230.7,,401842230.7,0,FALSE,TRUE
C,A,20240101,2024,52,2024,56,BEL,Belgium,X,Export,0,W00,World,0,W00,World,H6,HS,TRUE,740311,"Copper; refined, unwrought, cathodes and sections of cathodes",6,TRUE,C00,TOTAL CPC,0,0,TOTAL MOT,-1,N/A,0,FALSE,-1,N/A,0,FALSE,,FALSE,0,FALSE,,1487405426,1487405426,0,FALSE,TRUE
C,A,20240101,2024,52,2024,76,BRA,Brazil,M,Import,0,W00,World,0,W00,World,H6,HS,TRUE,740311,"Copper; refined, unwrought, cathodes and sections of cathodes",6,TRUE,C00,TOTAL CPC,0,0,TOTAL MOT,8,kg,2030955268,TRUE,-1,N/A,0,FALSE,,FALSE,0,FALSE,2591189363,2582391791,2591189363,2,FALSE,TRUE
C,A,20240101,2024,52,2024,76,BRA,Brazil,X,Export,0,W00,World,0,W00,World,H6,HS,TRUE,740311,"Copper; refined, unwrought, cathodes and sections of cathodes",6,TRUE,C00,TOTAL CPC,0,0,TOTAL MOT,-1,N/A,0,FALSE,21,1000 KG,2,FALSE,,FALSE,0,FALSE,,34,34,0,FALSE,TRUE
C,A,20240101,2024,52,2024,104,MMR,Myanmar,X,Export,0,W00,World,0,W00,World,H6,HS,TRUE,740311,"Copper; refined, unwrought, cathodes and sections of cathodes",6,TRUE,C00,TOTAL CPC,0,0,TOTAL MOT,8,kg,20432100,FALSE,8,kg,20432100,FALSE,20432100,FALSE,0,FALSE,,184474501.3,184474501.3,0,FALSE,TRUE
C,A,20240101,2024,52,2024,36,AUS,Australia,X,Export,0,W00,World,0,W00,World,H6,HS,TRUE,740312,"Copper; refined, unwrought, wire-bars",6,TRUE,C00,TOTAL CPC,0,0,TOTAL MOT,8,kg,16500,FALSE,21,1000 KG,16.5,FALSE,16500,FALSE,16.504,FALSE,,38485.294,38485.294,0,FALSE,TRUE
C,A,20240101,2024,52,2024,51,ARM,Armenia,M,Import,0,W00,World,0,W00,World,H6,HS,TRUE,740312,"Copper; refined, unwrought, wire-bars",6,TRUE,C00,TOTAL CPC,0,0,TOTAL MOT,8,kg,89,FALSE,8,kg,89,FALSE,89,FALSE,0,FALSE,4334.75,,4334.75,0,FALSE,TRUE
C,A,20240101,2024,52,2024,56,BEL,Belgium,M,Import,0,W00,World,0,W00,World,H6,HS,TRUE,740312,"Copper; refined, unwrought, wire-bars",6,TRUE,C00,TOTAL CPC,0,0,TOTAL MOT,8,kg,3836.98,FALSE,8,kg,3836.98,FALSE,3836.98,FALSE,0,FALSE,56855.53,,56855.53,0,FALSE,TRUE
C,A,20240101,2024,52,2024,56,BEL,Belgium,X,Export,0,W00,World,0,W00,World,H6,HS,TRUE,740312,"Copper; refined, unwrought, wire-bars",6,TRUE,C00,TOTAL CPC,0,0,TOTAL MOT,8,kg,23.24,FALSE,8,kg,23.24,FALSE,23.24,FALSE,0,FALSE,,1727.555,1727.555,0,FALSE,TRUE
C,A,20240101,2024,52,2024,76,BRA,Brazil,M,Import,0,W00,World,0,W00,World,H6,HS,TRUE,740312,"Copper; refined, unwrought, wire-bars",6,TRUE,C00,TOTAL CPC,0,0,TOTAL MOT,8,kg,3001.059,TRUE,21,1000 KG,3,FALSE,4.059,TRUE,0,FALSE,878,699,878,6,FALSE,TRUE
C,A,20240101,2024,52,2024,104,MMR,Myanmar,M,Import,0,W00,World,0,W00,World,H6,HS,TRUE,740312,"Copper; refined, unwrought, wire-bars",6,TRUE,C00,TOTAL CPC,0,0,TOTAL MOT,8,kg,41347.552,TRUE,-1,N/A,0,FALSE,41347.552,TRUE,0,FALSE,355778.94,,355778.94,6,FALSE,TRUE
C,A,20240101,2024,52,2024,36,AUS,Australia,M,Import,0,W00,World,0,W00,World,H6,HS,TRUE,740313,"Copper; refined, unwrought, billets",6,TRUE,C00,TOTAL CPC,0,0,TOTAL MOT,8,kg,80,FALSE,21,1000 KG,0.08,FALSE,80,FALSE,0.09,FALSE,3501.456,3215.135,3501.456,0,FALSE,TRUE
C,A,20240101,2024,52,2024,36,AUS,Australia,X,Export,0,W00,World,0,W00,World,H6,HS,TRUE,740313,"Copper; refined, unwrought, billets",6,TRUE,C00,TOTAL CPC,0,0,TOTAL MOT,8,kg,5300,FALSE,21,1000 KG,5.3,FALSE,5300,FALSE,5.304,FALSE,,21177.173,21177.173,0,FALSE,TRUE
C,A,20240101,2024,52,2024,56,BEL,Belgium,M,Import,0,W00,World,0,W00,World,H6,HS,TRUE,740313,"Copper; refined, unwrought, billets",6,TRUE,C00,TOTAL CPC,0,0,TOTAL MOT,8,kg,139507.82,FALSE,8,kg,139507.82,FALSE,139507.82,FALSE,0,FALSE,1037895.695,,1037895.695,0,FALSE,TRUE
C,A,20240101,2024,52,2024,56,BEL,Belgium,X,Export,0,W00,World,0,W00,World,H6,HS,TRUE,740313,"Copper; refined, unwrought, billets",6,TRUE,C00,TOTAL CPC,0,0,TOTAL MOT,8,kg,108089,FALSE,8,kg,108089,FALSE,108089,FALSE,0,FALSE,,973794.375,973794.375,0,FALSE,TRUE
C,A,20240101,2024,52,2024,76,BRA,Brazil,X,Export,0,W00,World,0,W00,World,H6,HS,TRUE,740313,"Copper; refined, unwrought, billets",6,TRUE,C00,TOTAL CPC,0,0,TOTAL MOT,8,kg,75000,FALSE,21,1000 KG,75,FALSE,75688,FALSE,0,FALSE,,611836,611836,0,FALSE,TRUE
C,A,20240101,2024,52,2024,31,AZE,Azerbaijan,M,Import,0,W00,World,0,W00,World,H6,HS,TRUE,740319,"Copper; refined, unwrought, n.e.c. in item no. 7403.1",6,TRUE,C00,TOTAL CPC,0,0,TOTAL MOT,8,kg,19102.2,FALSE,8,kg,19102.2,FALSE,19102.2,FALSE,0,FALSE,164350,,164350,0,FALSE,TRUE
C,A,20240101,2024,52,2024,36,AUS,Australia,M,Import,0,W00,World,0,W00,World,H6,HS,TRUE,740319,"Copper; refined, unwrought, n.e.c. in item no. 7403.1",6,TRUE,C00,TOTAL CPC,0,0,TOTAL MOT,8,kg,2500,FALSE,21,1000 KG,2.5,FALSE,2500,FALSE,2.701,FALSE,34917.187,33549.259,34917.187,0,FALSE,TRUE
C,A,20240101,2024,52,2024,36,AUS,Australia,X,Export,0,W00,World,0,W00,World,H6,HS,TRUE,740319,"Copper; refined, unwrought, n.e.c. in item no. 7403.1",6,TRUE,C00,TOTAL CPC,0,0,TOTAL MOT,8,kg,344170,FALSE,21,1000 KG,344.17,FALSE,344170,FALSE,344.969,FALSE,,1721225.566,1721225.566,0,FALSE,TRUE
C,A,20240101,2024,52,2024,51,ARM,Armenia,M,Import,0,W00,World,0,W00,World,H6,HS,TRUE,740319,"Copper; refined, unwrought, n.e.c. in item no. 7403.1",6,TRUE,C00,TOTAL CPC,0,0,TOTAL MOT,8,kg,1,FALSE,8,kg,1,FALSE,1,FALSE,0,FALSE,448.18,,448.18,0,FALSE,TRUE
C,A,20240101,2024,52,2024,51,ARM,Armenia,X,Export,0,W00,World,0,W00,World,H6,HS,TRUE,740319,"Copper; refined, unwrought, n.e.c. in item no. 7403.1",6,TRUE,C00,TOTAL CPC,0,0,TOTAL MOT,8,kg,1198420,FALSE,8,kg,1198420,FALSE,1198420,FALSE,0,FALSE,,10573709.65,10573709.65,0,FALSE,TRUE
C,A,20240101,2024,52,2024,56,BEL,Belgium,M,Import,0,W00,World,0,W00,World,H6,HS,TRUE,740319,"Copper; refined, unwrought, n.e.c. in item no. 7403.1",6,TRUE,C00,TOTAL CPC,0,0,TOTAL MOT,8,kg,2147720.39,FALSE,8,kg,2147720.39,FALSE,2147720.39,FALSE,0,FALSE,18953031.83,,18953031.83,0,FALSE,TRUE
C,A,20240101,2024,52,2024,56,BEL,Belgium,X,Export,0,W00,World,0,W00,World,H6,HS,TRUE,740319,"Copper; refined, unwrought, n.e.c. in item no. 7403.1",6,TRUE,C00,TOTAL CPC,0,0,TOTAL MOT,-1,N/A,0,FALSE,8,kg,3625101.51,FALSE,,FALSE,0,FALSE,,34995383.9,34995383.9,0,FALSE,TRUE
C,A,20240101,2024,52,2024,76,BRA,Brazil,M,Import,0,W00,World,0,W00,World,H6,HS,TRUE,740319,"Copper; refined, unwrought, n.e.c. in item no. 7403.1",6,TRUE,C00,TOTAL CPC,0,0,TOTAL MOT,-1,N/A,0,FALSE,-1,N/A,0,FALSE,1642.229,TRUE,0,FALSE,18200,17662,18200,4,FALSE,TRUE
C,A,20240101,2024,52,2024,104,MMR,Myanmar,M,Import,0,W00,World,0,W00,World,H6,HS,TRUE,740319,"Copper; refined, unwrought, n.e.c. in item no. 7403.1",6,TRUE,C00,TOTAL CPC,0,0,TOTAL MOT,8,kg,20,FALSE,8,kg,20,FALSE,20,FALSE,0,FALSE,7343.19,,7343.19,0,FALSE,TRUE
C,A,20240101,2024,52,2024,104,MMR,Myanmar,X,Export,0,W00,World,0,W00,World,H6,HS,TRUE,740319,"Copper; refined, unwrought, n.e.c. in item no. 7403.1",6,TRUE,C00,TOTAL CPC,0,0,TOTAL MOT,8,kg,4128801.55,FALSE,8,kg,4128801.55,FALSE,4128801.55,FALSE,0,FALSE,,20492467.46,20492467.46,0,FALSE,TRUE
C,A,20240101,2024,52,2024,124,CAN,Canada,M,Import,0,W00,World,0,W00,World,H6,HS,TRUE,260300,Copper ores and concentrates,6,TRUE,C00,TOTAL CPC,0,0,TOTAL MOT,8,kg,58878191.04,TRUE,-1,N/A,0,FALSE,58878191.04,TRUE,0,FALSE,,766298871.7,766298871.7,6,FALSE,TRUE
C,A,20240101,2024,52,2024,124,CAN,Canada,X,Export,0,W00,World,0,W00,World,H6,HS,TRUE,260300,Copper ores and concentrates,6,TRUE,C00,TOTAL CPC,0,0,TOTAL MOT,8,kg,444291172.2,TRUE,-1,N/A,0,FALSE,444291172.2,TRUE,0,FALSE,,3772323876,3772323876,6,FALSE,TRUE
C,A,20240101,2024,52,2024,203,CZE,Czechia,M,Import,0,W00,World,0,W00,World,H6,HS,TRUE,260300,Copper ores and concentrates,6,TRUE,C00,TOTAL CPC,0,0,TOTAL MOT,8,kg,9653,FALSE,8,kg,9653,FALSE,9653,FALSE,0,FALSE,19347,18102,19347,0,FALSE,TRUE
C,A,20240101,2024,52,2024,208,DNK,Denmark,M,Import,0,W00,World,0,W00,World,H6,HS,TRUE,260300,Copper ores and concentrates,6,TRUE,C00,TOTAL CPC,0,0,TOTAL MOT,8,kg,1,FALSE,8,kg,1,FALSE,1,FALSE,0,FALSE,222.207,,222.207,0,FALSE,TRUE
C,A,20240101,2024,52,2024,208,DNK,Denmark,X,Export,0,W00,World,0,W00,World,H6,HS,TRUE,260300,Copper ores and concentrates,6,TRUE,C00,TOTAL CPC,0,0,TOTAL MOT,8,kg,1,FALSE,8,kg,1,FALSE,1,FALSE,0,FALSE,,7.252,7.252,0,FALSE,TRUE
C,A,20240101,2024,52,2024,124,CAN,Canada,M,Import,0,W00,World,0,W00,World,H6,HS,TRUE,740311,"Copper; refined, unwrought, cathodes and sections of cathodes",6,TRUE,C00,TOTAL CPC,0,0,TOTAL MOT,8,kg,27876692,FALSE,8,kg,27876692,FALSE,27876692,FALSE,0,FALSE,,264211790.4,264211790.4,0,FALSE,TRUE
C,A,20240101,2024,52,2024,124,CAN,Canada,X,Export,0,W00,World,0,W00,World,H6,HS,TRUE,740311,"Copper; refined, unwrought, cathodes and sections of cathodes",6,TRUE,C00,TOTAL CPC,0,0,TOTAL MOT,8,kg,139419440,FALSE,8,kg,139419440,FALSE,139419440,FALSE,0,FALSE,,1307734113,1307734113,0,FALSE,TRUE
C,A,20240101,2024,52,2024,203,CZE,Czechia,M,Import,0,W00,World,0,W00,World,H6,HS,TRUE,740311,"Copper; refined, unwrought, cathodes and sections of cathodes",6,TRUE,C00,TOTAL CPC,0,0,TOTAL MOT,8,kg,2604264,FALSE,8,kg,2604264,FALSE,2604264,FALSE,0,FALSE,24095772,24058227,24095772,0,FALSE,TRUE
C,A,20240101,2024,52,2024,203,CZE,Czechia,X,Export,0,W00,World,0,W00,World,H6,HS,TRUE,740311,"Copper; refined, unwrought, cathodes and sections of cathodes",6,TRUE,C00,TOTAL CPC,0,0,TOTAL MOT,8,kg,27817,FALSE,8,kg,27817,FALSE,27817,FALSE,0,FALSE,,280405,280405,0,FALSE,TRUE
C,A,20240101,2024,52,2024,208,DNK,Denmark,M,Import,0,W00,World,0,W00,World,H6,HS,TRUE,740311,"Copper; refined, unwrought, cathodes and sections of cathodes",6,TRUE,C00,TOTAL CPC,0,0,TOTAL MOT,8,kg,27913.363,TRUE,-1,N/A,0,FALSE,27913.363,TRUE,0,FALSE,293130.384,,293130.384,6,FALSE,TRUE
C,A,20240101,2024,52,2024,208,DNK,Denmark,X,Export,0,W00,World,0,W00,World,H6,HS,TRUE,740311,"Copper; refined, unwrought, cathodes and sections of cathodes",6,TRUE,C00,TOTAL CPC,0,0,TOTAL MOT,8,kg,58586,FALSE,8,kg,58586,FALSE,58586,FALSE,0,FALSE,,436503.602,436503.602,0,FALSE,TRUE
C,A,20240101,2024,52,2024,124,CAN,Canada,M,Import,0,W00,World,0,W00,World,H6,HS,TRUE,740312,"Copper; refined, unwrought, wire-bars",6,TRUE,C00,TOTAL CPC,0,0,TOTAL MOT,8,kg,6149500.609,TRUE,8,kg,6149497,FALSE,6149500.609,TRUE,0,FALSE,,18664693.03,18664693.03,6,FALSE,TRUE
C,A,20240101,2024,52,2024,124,CAN,Canada,X,Export,0,W00,World,0,W00,World,H6,HS,TRUE,740312,"Copper; refined, unwrought, wire-bars",6,TRUE,C00,TOTAL CPC,0,0,TOTAL MOT,8,kg,1590,FALSE,8,kg,1590,FALSE,1590,FALSE,0,FALSE,,13400.423,13400.423,0,FALSE,TRUE
C,A,20240101,2024,52,2024,208,DNK,Denmark,M,Import,0,W00,World,0,W00,World,H6,HS,TRUE,740312,"Copper; refined, unwrought, wire-bars",6,TRUE,C00,TOTAL CPC,0,0,TOTAL MOT,8,kg,6204,FALSE,8,kg,6204,FALSE,6204,FALSE,0,FALSE,40079.156,,40079.156,0,FALSE,TRUE
C,A,20240101,2024,52,2024,208,DNK,Denmark,X,Export,0,W00,World,0,W00,World,H6,HS,TRUE,740312,"Copper; refined, unwrought, wire-bars",6,TRUE,C00,TOTAL CPC,0,0,TOTAL MOT,8,kg,2985,FALSE,8,kg,2985,FALSE,2985,FALSE,0,FALSE,,44428.867,44428.867,0,FALSE,TRUE
C,A,20240101,2024,52,2024,124,CAN,Canada,M,Import,0,W00,World,0,W00,World,H6,HS,TRUE,740313,"Copper; refined, unwrought, billets",6,TRUE,C00,TOTAL CPC,0,0,TOTAL MOT,8,kg,317732,FALSE,8,kg,317732,FALSE,317732,FALSE,0,FALSE,,3288797.477,3288797.477,0,FALSE,TRUE
C,A,20240101,2024,52,2024,203,CZE,Czechia,M,Import,0,W00,World,0,W00,World,H6,HS,TRUE,740313,"Copper; refined, unwrought, billets",6,TRUE,C00,TOTAL CPC,0,0,TOTAL MOT,8,kg,94954,FALSE,8,kg,94954,FALSE,94954,FALSE,0,FALSE,935606,871022,935606,0,FALSE,TRUE
C,A,20240101,2024,52,2024,208,DNK,Denmark,X,Export,0,W00,World,0,W00,World,H6,HS,TRUE,740313,"Copper; refined, unwrought, billets",6,TRUE,C00,TOTAL CPC,0,0,TOTAL MOT,8,kg,900,FALSE,8,kg,900,FALSE,900,FALSE,0,FALSE,,4873.463,4873.463,0,FALSE,TRUE
C,A,20240101,2024,52,2024,124,CAN,Canada,M,Import,0,W00,World,0,W00,World,H6,HS,TRUE,740319,"Copper; refined, unwrought, n.e.c. in item no. 7403.1",6,TRUE,C00,TOTAL CPC,0,0,TOTAL MOT,8,kg,302801.426,TRUE,8,kg,302801,FALSE,302801.426,TRUE,0,FALSE,,4156263.437,4156263.437,6,FALSE,TRUE
C,A,20240101,2024,52,2024,124,CAN,Canada,X,Export,0,W00,World,0,W00,World,H6,HS,TRUE,740319,"Copper; refined, unwrought, n.e.c. in item no. 7403.1",6,TRUE,C00,TOTAL CPC,0,0,TOTAL MOT,8,kg,1217919,FALSE,8,kg,1217919,FALSE,1217919,FALSE,0,FALSE,,4878703.231,4878703.231,0,FALSE,TRUE
C,A,20240101,2024,52,2024,203,CZE,Czechia,M,Import,0,W00,World,0,W00,World,H6,HS,TRUE,740319,"Copper; refined, unwrought, n.e.c. in item no. 7403.1",6,TRUE,C00,TOTAL CPC,0,0,TOTAL MOT,8,kg,180884,FALSE,8,kg,180884,FALSE,180884,FALSE,0,FALSE,1842508,1808382,1842508,0,FALSE,TRUE
C,A,20240101,2024,52,2024,203,CZE,Czechia,X,Export,0,W00,World,0,W00,World,H6,HS,TRUE,740319,"Copper; refined, unwrought, n.e.c. in item no. 7403.1",6,TRUE,C00,TOTAL CPC,0,0,TOTAL MOT,8,kg,7622,FALSE,8,kg,7622,FALSE,7622,FALSE,0,FALSE,,56755,56755,0,FALSE,TRUE
C,A,20240101,2024,52,2024,208,DNK,Denmark,M,Import,0,W00,World,0,W00,World,H6,HS,TRUE,740319,"Copper; refined, unwrought, n.e.c. in item no. 7403.1",6,TRUE,C00,TOTAL CPC,0,0,TOTAL MOT,8,kg,27670,FALSE,8,kg,27670,FALSE,27670,FALSE,0,FALSE,363825.91,,363825.91,0,FALSE,TRUE
C,A,20240101,2024,52,2024,208,DNK,Denmark,X,Export,0,W00,World,0,W00,World,H6,HS,TRUE,740319,"Copper; refined, unwrought, n.e.c. in item no. 7403.1",6,TRUE,C00,TOTAL CPC,0,0,TOTAL MOT,8,kg,16234.808,TRUE,8,kg,16015,FALSE,16234.808,TRUE,0,FALSE,,113702.387,113702.387,6,FALSE,TRUE
C,A,20240101,2024,52,2024,222,SLV,El Salvador,M,Import,0,W00,World,0,W00,World,H6,HS,TRUE,260300,Copper ores and concentrates,6,TRUE,C00,TOTAL CPC,0,0,TOTAL MOT,8,kg,1031.44,FALSE,8,kg,1031.44,FALSE,1031.44,FALSE,0,FALSE,23712.59,,23712.59,0,FALSE,TRUE
C,A,20240101,2024,52,2024,233,EST,Estonia,M,Import,0,W00,World,0,W00,World,H6,HS,TRUE,260300,Copper ores and concentrates,6,TRUE,C00,TOTAL CPC,0,0,TOTAL MOT,8,kg,245.25,FALSE,8,kg,245.25,FALSE,245.25,FALSE,0,FALSE,8.15,,8.15,0,FALSE,TRUE
C,A,20240101,2024,52,2024,268,GEO,Georgia,M,Import,0,W00,World,0,W00,World,H5,HS,TRUE,260300,Copper ores and concentrates,6,TRUE,C00,TOTAL CPC,0,0,TOTAL MOT,8,kg,38248517,FALSE,8,kg,38248517,FALSE,38248517,FALSE,0,FALSE,71853509.88,,71853509.88,0,FALSE,TRUE
C,A,20240101,2024,52,2024,268,GEO,Georgia,X,Export,0,W00,World,0,W00,World,H5,HS,TRUE,260300,Copper ores and concentrates,6,TRUE,C00,TOTAL CPC,0,0,TOTAL MOT,8,kg,43419591,FALSE,8,kg,43419591,FALSE,43419591,FALSE,0,FALSE,,93860663.09,93860663.09,0,FALSE,TRUE
C,A,20240101,2024,52,2024,233,EST,Estonia,M,Import,0,W00,World,0,W00,World,H6,HS,TRUE,740311,"Copper; refined, unwrought, cathodes and sections of cathodes",6,TRUE,C00,TOTAL CPC,0,0,TOTAL MOT,8,kg,800,FALSE,8,kg,800,FALSE,800,FALSE,0,FALSE,6395.24,,6395.24,0,FALSE,TRUE
C,A,20240101,2024,52,2024,222,SLV,El Salvador,M,Import,0,W00,World,0,W00,World,H6,HS,TRUE,740319,"Copper; refined, unwrought, n.e.c. in item no. 7403.1",6,TRUE,C00,TOTAL CPC,0,0,TOTAL MOT,8,kg,574.25,FALSE,8,kg,574.25,FALSE,574.25,FALSE,0,FALSE,13716.68,,13716.68,0,FALSE,TRUE
C,A,20240101,2024,52,2024,233,EST,Estonia,M,Import,0,W00,World,0,W00,World,H6,HS,TRUE,740319,"Copper; refined, unwrought, n.e.c. in item no. 7403.1",6,TRUE,C00,TOTAL CPC,0,0,TOTAL MOT,-1,N/A,0,FALSE,8,kg,20.65,FALSE,,FALSE,0,FALSE,1965.6,,1965.6,0,FALSE,TRUE
C,A,20240101,2024,52,2024,268,GEO,Georgia,M,Import,0,W00,World,0,W00,World,H5,HS,TRUE,740319,"Copper; refined, unwrought, n.e.c. in item no. 7403.1",6,TRUE,C00,TOTAL CPC,0,0,TOTAL MOT,8,kg,1311,FALSE,8,kg,1311,FALSE,1311,FALSE,0,FALSE,9185.267,,9185.267,0,FALSE,TRUE
C,A,20240101,2024,52,2024,276,DEU,Germany,M,Import,0,W00,World,0,W00,World,H6,HS,TRUE,260300,Copper ores and concentrates,6,TRUE,C00,TOTAL CPC,0,0,TOTAL MOT,8,kg,866719251.2,TRUE,-1,N/A,0,FALSE,866719251.2,TRUE,0,FALSE,2466100144,,2466100144,6,FALSE,TRUE
C,A,20240101,2024,52,2024,276,DEU,Germany,X,Export,0,W00,World,0,W00,World,H6,HS,TRUE,260300,Copper ores and concentrates,6,TRUE,C00,TOTAL CPC,0,0,TOTAL MOT,8,kg,38714651.01,TRUE,-1,N/A,0,FALSE,38714651.01,TRUE,0,FALSE,,104447349.4,104447349.4,6,FALSE,TRUE
C,A,20240101,2024,52,2024,300,GRC,Greece,M,Import,0,W00,World,0,W00,World,H6,HS,TRUE,260300,Copper ores and concentrates,6,TRUE,C00,TOTAL CPC,0,0,TOTAL MOT,8,kg,71,FALSE,8,kg,71,FALSE,71,FALSE,0,FALSE,5927.115,,5927.115,0,FALSE,TRUE
C,A,20240101,2024,52,2024,300,GRC,Greece,X,Export,0,W00,World,0,W00,World,H6,HS,TRUE,260300,Copper ores and concentrates,6,TRUE,C00,TOTAL CPC,0,0,TOTAL MOT,8,kg,970,FALSE,8,kg,970,FALSE,970,FALSE,0,FALSE,,1682.019,1682.019,0,FALSE,TRUE
C,A,20240101,2024,52,2024,276,DEU,Germany,M,Import,0,W00,World,0,W00,World,H6,HS,TRUE,740311,"Copper; refined, unwrought, cathodes and sections of cathodes",6,TRUE,C00,TOTAL CPC,0,0,TOTAL MOT,8,kg,406954195,FALSE,8,kg,406954195,FALSE,406954195,FALSE,0,FALSE,3707161822,,3707161822,0,FALSE,TRUE
C,A,20240101,2024,52,2024,276,DEU,Germany,X,Export,0,W00,World,0,W00,World,H6,HS,TRUE,740311,"Copper; refined, unwrought, cathodes and sections of cathodes",6,TRUE,C00,TOTAL CPC,0,0,TOTAL MOT,-1,N/A,0,FALSE,-1,N/A,0,FALSE,,FALSE,0,FALSE,,905218557.5,905218557.5,0,FALSE,TRUE
C,A,20240101,2024,52,2024,300,GRC,Greece,M,Import,0,W00,World,0,W00,World,H6,HS,TRUE,740311,"Copper; refined, unwrought, cathodes and sections of cathodes",6,TRUE,C00,TOTAL CPC,0,0,TOTAL MOT,-1,N/A,0,FALSE,8,kg,83321269,FALSE,,FALSE,0,FALSE,716597883.8,,716597883.8,0,FALSE,TRUE
C,A,20240101,2024,52,2024,328,GUY,Guyana,M,Import,0,W00,World,0,W00,World,H5,HS,TRUE,740311,"Copper; refined, unwrought, cathodes and sections of cathodes",6,TRUE,C00,TOTAL CPC,0,0,TOTAL MOT,8,kg,88,FALSE,5,u,6,FALSE,88,FALSE,0,FALSE,8677.994,,8677.994,0,FALSE,TRUE
C,A,20240101,2024,52,2024,276,DEU,Germany,M,Import,0,W00,World,0,W00,World,H6,HS,TRUE,740312,"Copper; refined, unwrought, wire-bars",6,TRUE,C00,TOTAL CPC,0,0,TOTAL MOT,8,kg,1029,FALSE,8,kg,1029,FALSE,1029,FALSE,0,FALSE,33637.138,,33637.138,0,FALSE,TRUE
C,A,20240101,2024,52,2024,276,DEU,Germany,X,Export,0,W00,World,0,W00,World,H6,HS,TRUE,740312,"Copper; refined, unwrought, wire-bars",6,TRUE,C00,TOTAL CPC,0,0,TOTAL MOT,8,kg,75.74,TRUE,-1,N/A,0,FALSE,75.74,TRUE,0,FALSE,,1052.074,1052.074,6,FALSE,TRUE
C,A,20240101,2024,52,2024,300,GRC,Greece,X,Export,0,W00,World,0,W00,World,H6,HS,TRUE,740312,"Copper; refined, unwrought, wire-bars",6,TRUE,C00,TOTAL CPC,0,0,TOTAL MOT,8,kg,58,FALSE,8,kg,58,FALSE,58,FALSE,0,FALSE,,1101.863,1101.863,0,FALSE,TRUE
C,A,20240101,2024,52,2024,276,DEU,Germany,M,Import,0,W00,World,0,W00,World,H6,HS,TRUE,740313,"Copper; refined, unwrought, billets",6,TRUE,C00,TOTAL CPC,0,0,TOTAL MOT,8,kg,16233591,FALSE,8,kg,16233591,FALSE,16233591,FALSE,0,FALSE,155515708,,155515708,0,FALSE,TRUE
C,A,20240101,2024,52,2024,276,DEU,Germany,X,Export,0,W00,World,0,W00,World,H6,HS,TRUE,740313,"Copper; refined, unwrought, billets",6,TRUE,C00,TOTAL CPC,0,0,TOTAL MOT,8,kg,18122585,FALSE,8,kg,18122585,FALSE,18122585,FALSE,0,FALSE,,175739610.2,175739610.2,0,FALSE,TRUE
C,A,20240101,2024,52,2024,300,GRC,Greece,X,Export,0,W00,World,0,W00,World,H6,HS,TRUE,740313,"Copper; refined, unwrought, billets",6,TRUE,C00,TOTAL CPC,0,0,TOTAL MOT,8,kg,415110,FALSE,8,kg,415110,FALSE,415110,FALSE,0,FALSE,,4029962.224,4029962.224,0,FALSE,TRUE
C,A,20240101,2024,52,2024,276,DEU,Germany,M,Import,0,W00,World,0,W00,World,H6,HS,TRUE,740319,"Copper; refined, unwrought, n.e.c. in item no. 7403.1",6,TRUE,C00,TOTAL CPC,0,0,TOTAL MOT,8,kg,4451135.68,TRUE,-1,N/A,0,FALSE,4451135.68,TRUE,0,FALSE,43566430.47,,43566430.47,6,FALSE,TRUE
C,A,20240101,2024,52,2024,276,DEU,Germany,X,Export,0,W00,World,0,W00,World,H6,HS,TRUE,740319,"Copper; refined, unwrought, n.e.c. in item no. 7403.1",6,TRUE,C00,TOTAL CPC,0,0,TOTAL MOT,8,kg,19137782.77,TRUE,-1,N/A,0,FALSE,19137782.77,TRUE,0,FALSE,,170051400,170051400,6,FALSE,TRUE
C,A,20240101,2024,52,2024,300,GRC,Greece,M,Import,0,W00,World,0,W00,World,H6,HS,TRUE,740319,"Copper; refined, unwrought, n.e.c. in item no. 7403.1",6,TRUE,C00,TOTAL CPC,0,0,TOTAL MOT,8,kg,86824,FALSE,8,kg,86824,FALSE,86824,FALSE,0,FALSE,744263.205,,744263.205,0,FALSE,TRUE
C,A,20240101,2024,52,2024,300,GRC,Greece,X,Export,0,W00,World,0,W00,World,H6,HS,TRUE,740319,"Copper; refined, unwrought, n.e.c. in item no. 7403.1",6,TRUE,C00,TOTAL CPC,0,0,TOTAL MOT,8,kg,44011,FALSE,8,kg,44011,FALSE,44011,FALSE,0,FALSE,,231143.43,231143.43,0,FALSE,TRUE
C,A,20240101,2024,52,2024,328,GUY,Guyana,M,Import,0,W00,World,0,W00,World,H5,HS,TRUE,740319,"Copper; refined, unwrought, n.e.c. in item no. 7403.1",6,TRUE,C00,TOTAL CPC,0,0,TOTAL MOT,8,kg,7690.71,FALSE,5,u,976,FALSE,7690.71,FALSE,0,FALSE,117918.016,,117918.016,0,FALSE,TRUE
C,A,20240101,2024,52,2024,352,ISL,Iceland,M,Import,0,W00,World,0,W00,World,H6,HS,TRUE,260300,Copper ores and concentrates,6,TRUE,C00,TOTAL CPC,0,0,TOTAL MOT,8,kg,115.205,TRUE,-1,N/A,0,FALSE,115.205,TRUE,0,FALSE,260.362,260.362,260.362,6,FALSE,TRUE
C,A,20240101,2024,52,2024,372,IRL,Ireland,M,Import,0,W00,World,0,W00,World,H6,HS,TRUE,260300,Copper ores and concentrates,6,TRUE,C00,TOTAL CPC,0,0,TOTAL MOT,8,kg,516.222,TRUE,-1,N/A,0,FALSE,516.222,TRUE,0,FALSE,8229.339,,8229.339,6,FALSE,TRUE
C,A,20240101,2024,52,2024,372,IRL,Ireland,X,Export,0,W00,World,0,W00,World,H6,HS,TRUE,260300,Copper ores and concentrates,6,TRUE,C00,TOTAL CPC,0,0,TOTAL MOT,8,kg,0.58,TRUE,-1,N/A,0,FALSE,0.58,TRUE,0,FALSE,,1.082,1.082,6,FALSE,TRUE
C,A,20240101,2024,52,2024,376,ISR,Israel,M,Import,0,W00,World,0,W00,World,H6,HS,TRUE,260300,Copper ores and concentrates,6,TRUE,C00,TOTAL CPC,0,0,TOTAL MOT,8,kg,442.481,TRUE,-1,N/A,0,FALSE,442.481,TRUE,0,FALSE,1000,,1000,6,FALSE,TRUE
C,A,20240101,2024,52,2024,376,ISR,Israel,X,Export,0,W00,World,0,W00,World,H6,HS,TRUE,260300,Copper ores and concentrates,6,TRUE,C00,TOTAL CPC,0,0,TOTAL MOT,8,kg,5891.067,TRUE,-1,N/A,0,FALSE,5891.067,TRUE,0,FALSE,,11000,11000,6,FALSE,TRUE
C,A,20240101,2024,52,2024,380,ITA,Italy,M,Import,0,W00,World,0,W00,World,H6,HS,TRUE,260300,Copper ores and concentrates,6,TRUE,C00,TOTAL CPC,0,0,TOTAL MOT,8,kg,134380,FALSE,8,kg,134380,FALSE,134380,FALSE,0,FALSE,400475.358,,400475.358,0,FALSE,TRUE
C,A,20240101,2024,52,2024,380,ITA,Italy,X,Export,0,W00,World,0,W00,World,H6,HS,TRUE,260300,Copper ores and concentrates,6,TRUE,C00,TOTAL CPC,0,0,TOTAL MOT,8,kg,81947,FALSE,8,kg,81947,FALSE,81947,FALSE,0,FALSE,,554786.011,554786.011,0,FALSE,TRUE
C,A,20240101,2024,52,2024,392,JPN,Japan,M,Import,0,W00,World,0,W00,World,H6,HS,TRUE,260300,Copper ores and concentrates,6,TRUE,C00,TOTAL CPC,0,0,TOTAL MOT,8,kg,5200902604,TRUE,21,1000 KG,5200901,FALSE,5200902604,TRUE,0,FALSE,13598888593,,13598888593,6,FALSE,TRUE
C,A,20240101,2024,52,2024,458,MYS,Malaysia,M,Import,0,W00,World,0,W00,World,H6,HS,TRUE,260300,Copper ores and concentrates,6,TRUE,C00,TOTAL CPC,0,0,TOTAL MOT,8,kg,150819992,FALSE,8,kg,150819992,FALSE,150819992,FALSE,0,FALSE,305881344.7,,305881344.7,0,FALSE,TRUE
C,A,20240101,2024,52,2024,458,MYS,Malaysia,X,Export,0,W00,World,0,W00,World,H6,HS,TRUE,260300,Copper ores and concentrates,6,TRUE,C00,TOTAL CPC,0,0,TOTAL MOT,8,kg,67078737.8,FALSE,8,kg,67078737.8,FALSE,67078737.8,FALSE,0,FALSE,,80579645.42,80579645.42,0,FALSE,TRUE
C,A,20240101,2024,52,2024,352,ISL,Iceland,M,Import,0,W00,World,0,W00,World,H6,HS,TRUE,740311,"Copper; refined, unwrought, cathodes and sections of cathodes",6,TRUE,C00,TOTAL CPC,0,0,TOTAL MOT,8,kg,6213,FALSE,8,kg,6213,FALSE,6213,FALSE,0,FALSE,68954.205,67005.736,68954.205,0,FALSE,TRUE
C,A,20240101,2024,52,2024,372,IRL,Ireland,M,Import,0,W00,World,0,W00,World,H6,HS,TRUE,740311,"Copper; refined, unwrought, cathodes and sections of cathodes",6,TRUE,C00,TOTAL CPC,0,0,TOTAL MOT,8,kg,236.069,TRUE,-1,N/A,0,FALSE,236.069,TRUE,0,FALSE,37262.03,,37262.03,6,FALSE,TRUE
C,A,20240101,2024,52,2024,376,ISR,Israel,M,Import,0,W00,World,0,W00,World,H6,HS,TRUE,740311,"Copper; refined, unwrought, cathodes and sections of cathodes",6,TRUE,C00,TOTAL CPC,0,0,TOTAL MOT,8,kg,3855.277,TRUE,-1,N/A,0,FALSE,3855.277,TRUE,0,FALSE,34000,,34000,6,FALSE,TRUE
C,A,20240101,2024,52,2024,380,ITA,Italy,M,Import,0,W00,World,0,W00,World,H6,HS,TRUE,740311,"Copper; refined, unwrought, cathodes and sections of cathodes",6,TRUE,C00,TOTAL CPC,0,0,TOTAL MOT,8,kg,543362234,FALSE,8,kg,543362234,FALSE,543362234,FALSE,0,FALSE,5054410011,,5054410011,0,FALSE,TRUE
C,A,20240101,2024,52,2024,380,ITA,Italy,X,Export,0,W00,World,0,W00,World,H6,HS,TRUE,740311,"Copper; refined, unwrought, cathodes and sections of cathodes",6,TRUE,C00,TOTAL CPC,0,0,TOTAL MOT,8,kg,20888550,FALSE,8,kg,20888550,FALSE,20888550,FALSE,0,FALSE,,187223977.5,187223977.5,0,FALSE,TRUE
C,A,20240101,2024,52,2024,392,JPN,Japan,M,Import,0,W00,World,0,W00,World,H6,HS,TRUE,740311,"Copper; refined, unwrought, cathodes and sections of cathodes",6,TRUE,C00,TOTAL CPC,0,0,TOTAL MOT,-1,N/A,0,FALSE,8,kg,4137876,FALSE,,FALSE,0,FALSE,36557891.08,,36557891.08,0,FALSE,TRUE
C,A,20240101,2024,52,2024,392,JPN,Japan,X,Export,0,W00,World,0,W00,World,H6,HS,TRUE,740311,"Copper; refined, unwrought, cathodes and sections of cathodes",6,TRUE,C00,TOTAL CPC,0,0,TOTAL MOT,8,kg,690795299,FALSE,8,kg,690795299,FALSE,690795299,FALSE,0,FALSE,,6140187743,6140187743,0,FALSE,TRUE
C,A,20240101,2024,52,2024,458,MYS,Malaysia,M,Import,0,W00,World,0,W00,World,H6,HS,TRUE,740311,"Copper; refined, unwrought, cathodes and sections of cathodes",6,TRUE,C00,TOTAL CPC,0,0,TOTAL MOT,8,kg,233032020.7,FALSE,8,kg,233032020.7,FALSE,233032020.7,FALSE,0,FALSE,2211207853,,2211207853,0,FALSE,TRUE
C,A,20240101,2024,52,2024,458,MYS,Malaysia,X,Export,0,W00,World,0,W00,World,H6,HS,TRUE,740311,"Copper; refined, unwrought, cathodes and sections of cathodes",6,TRUE,C00,TOTAL CPC,0,0,TOTAL MOT,8,kg,3219245,FALSE,8,kg,3219245,FALSE,3219245,FALSE,0,FALSE,,24767719.62,24767719.62,0,FALSE,TRUE
C,A,20240101,2024,52,2024,372,IRL,Ireland,M,Import,0,W00,World,0,W00,World,H6,HS,TRUE,740312,"Copper; refined, unwrought, wire-bars",6,TRUE,C00,TOTAL CPC,0,0,TOTAL MOT,8,kg,2617,FALSE,8,kg,2617,FALSE,2617,FALSE,0,FALSE,22381.463,,22381.463,0,FALSE,TRUE
C,A,20240101,2024,52,2024,380,ITA,Italy,M,Import,0,W00,World,0,W00,World,H6,HS,TRUE,740312,"Copper; refined, unwrought, wire-bars",6,TRUE,C00,TOTAL CPC,0,0,TOTAL MOT,8,kg,3533,FALSE,8,kg,3533,FALSE,3533,FALSE,0,FALSE,44132.981,,44132.981,0,FALSE,TRUE
C,A,20240101,2024,52,2024,380,ITA,Italy,X,Export,0,W00,World,0,W00,World,H6,HS,TRUE,740312,"Copper; refined, unwrought, wire-bars",6,TRUE,C00,TOTAL CPC,0,0,TOTAL MOT,8,kg,330309,FALSE,8,kg,330309,FALSE,330309,FALSE,0,FALSE,,3171793.629,3171793.629,0,FALSE,TRUE
C,A,20240101,2024,52,2024,392,JPN,Japan,X,Export,0,W00,World,0,W00,World,H6,HS,TRUE,740312,"Copper; refined, unwrought, wire-bars",6,TRUE,C00,TOTAL CPC,0,0,TOTAL MOT,8,kg,13,FALSE,8,kg,13,FALSE,13,FALSE,0,FALSE,,1585.558,1585.558,0,FALSE,TRUE
C,A,20240101,2024,52,2024,458,MYS,Malaysia,M,Import,0,W00,World,0,W00,World,H6,HS,TRUE,740312,"Copper; refined, unwrought, wire-bars",6,TRUE,C00,TOTAL CPC,0,0,TOTAL MOT,8,kg,5456.57,FALSE,8,kg,5456.57,FALSE,5456.57,FALSE,0,FALSE,128349.664,,128349.664,0,FALSE,TRUE
C,A,20240101,2024,52,2024,372,IRL,Ireland,M,Import,0,W00,World,0,W00,World,H6,HS,TRUE,740313,"Copper; refined, unwrought, billets",6,TRUE,C00,TOTAL CPC,0,0,TOTAL MOT,8,kg,1151,FALSE,8,kg,1151,FALSE,1151,FALSE,0,FALSE,15921.817,,15921.817,0,FALSE,TRUE
C,A,20240101,2024,52,2024,376,ISR,Israel,M,Import,0,W00,World,0,W00,World,H6,HS,TRUE,740313,"Copper; refined, unwrought, billets",6,TRUE,C00,TOTAL CPC,0,0,TOTAL MOT,8,kg,408.169,TRUE,-1,N/A,0,FALSE,408.169,TRUE,0,FALSE,4000,,4000,6,FALSE,TRUE
C,A,20240101,2024,52,2024,380,ITA,Italy,M,Import,0,W00,World,0,W00,World,H6,HS,TRUE,740313,"Copper; refined, unwrought, billets",6,TRUE,C00,TOTAL CPC,0,0,TOTAL MOT,8,kg,18275732,FALSE,8,kg,18275732,FALSE,18275732,FALSE,0,FALSE,174469596.9,,174469596.9,0,FALSE,TRUE
C,A,20240101,2024,52,2024,380,ITA,Italy,X,Export,0,W00,World,0,W00,World,H6,HS,TRUE,740313,"Copper; refined, unwrought, billets",6,TRUE,C00,TOTAL CPC,0,0,TOTAL MOT,8,kg,398294,FALSE,8,kg,398294,FALSE,398294,FALSE,0,FALSE,,3988461.592,3988461.592,0,FALSE,TRUE
C,A,20240101,2024,52,2024,392,JPN,Japan,M,Import,0,W00,World,0,W00,World,H6,HS,TRUE,740313,"Copper; refined, unwrought, billets",6,TRUE,C00,TOTAL CPC,0,0,TOTAL MOT,8,kg,727106,FALSE,8,kg,727106,FALSE,727106,FALSE,0,FALSE,6803766.398,,6803766.398,0,FALSE,TRUE
C,A,20240101,2024,52,2024,392,JPN,Japan,X,Export,0,W00,World,0,W00,World,H6,HS,TRUE,740313,"Copper; refined, unwrought, billets",6,TRUE,C00,TOTAL CPC,0,0,TOTAL MOT,8,kg,11849127,FALSE,8,kg,11849127,FALSE,11849127,FALSE,0,FALSE,,115447659.6,115447659.6,0,FALSE,TRUE
C,A,20240101,2024,52,2024,458,MYS,Malaysia,M,Import,0,W00,World,0,W00,World,H6,HS,TRUE,740313,"Copper; refined, unwrought, billets",6,TRUE,C00,TOTAL CPC,0,0,TOTAL MOT,8,kg,59320.28,FALSE,8,kg,59320.28,FALSE,59320.28,FALSE,0,FALSE,470447.474,,470447.474,0,FALSE,TRUE
C,A,20240101,2024,52,2024,352,ISL,Iceland,M,Import,0,W00,World,0,W00,World,H6,HS,TRUE,740319,"Copper; refined, unwrought, n.e.c. in item no. 7403.1",6,TRUE,C00,TOTAL CPC,0,0,TOTAL MOT,-1,N/A,0,FALSE,-1,N/A,0,FALSE,,FALSE,0,FALSE,89292.568,87002.727,89292.568,0,FALSE,TRUE
C,A,20240101,2024,52,2024,372,IRL,Ireland,M,Import,0,W00,World,0,W00,World,H6,HS,TRUE,740319,"Copper; refined, unwrought, n.e.c. in item no. 7403.1",6,TRUE,C00,TOTAL CPC,0,0,TOTAL MOT,8,kg,2595.354,TRUE,-1,N/A,0,FALSE,2595.354,TRUE,0,FALSE,61138.26,,61138.26,6,FALSE,TRUE
C,A,20240101,2024,52,2024,372,IRL,Ireland,X,Export,0,W00,World,0,W00,World,H6,HS,TRUE,740319,"Copper; refined, unwrought, n.e.c. in item no. 7403.1",6,TRUE,C00,TOTAL CPC,0,0,TOTAL MOT,8,kg,7440,FALSE,8,kg,7440,FALSE,7440,FALSE,0,FALSE,,12891.151,12891.151,0,FALSE,TRUE
C,A,20240101,2024,52,2024,376,ISR,Israel,M,Import,0,W00,World,0,W00,World,H6,HS,TRUE,740319,"Copper; refined, unwrought, n.e.c. in item no. 7403.1",6,TRUE,C00,TOTAL CPC,0,0,TOTAL MOT,8,kg,7660.924,TRUE,-1,N/A,0,FALSE,7660.924,TRUE,0,FALSE,72000,,72000,6,FALSE,TRUE
C,A,20240101,2024,52,2024,376,ISR,Israel,X,Export,0,W00,World,0,W00,World,H6,HS,TRUE,740319,"Copper; refined, unwrought, n.e.c. in item no. 7403.1",6,TRUE,C00,TOTAL CPC,0,0,TOTAL MOT,8,kg,436.967,TRUE,-1,N/A,0,FALSE,436.967,TRUE,0,FALSE,,4000,4000,6,FALSE,TRUE
C,A,20240101,2024,52,2024,380,ITA,Italy,M,Import,0,W00,World,0,W00,World,H6,HS,TRUE,740319,"Copper; refined, unwrought, n.e.c. in item no. 7403.1",6,TRUE,C00,TOTAL CPC,0,0,TOTAL MOT,-1,N/A,0,FALSE,8,kg,4765962,FALSE,,FALSE,0,FALSE,26663137.28,,26663137.28,0,FALSE,TRUE
C,A,20240101,2024,52,2024,380,ITA,Italy,X,Export,0,W00,World,0,W00,World,H6,HS,TRUE,740319,"Copper; refined, unwrought, n.e.c. in item no. 7403.1",6,TRUE,C00,TOTAL CPC,0,0,TOTAL MOT,-1,N/A,0,FALSE,8,kg,915808,FALSE,,FALSE,0,FALSE,,9039333.725,9039333.725,0,FALSE,TRUE
C,A,20240101,2024,52,2024,392,JPN,Japan,M,Import,0,W00,World,0,W00,World,H6,HS,TRUE,740319,"Copper; refined, unwrought, n.e.c. in item no. 7403.1",6,TRUE,C00,TOTAL CPC,0,0,TOTAL MOT,8,kg,34812,FALSE,8,kg,34812,FALSE,34812,FALSE,0,FALSE,390635.147,,390635.147,0,FALSE,TRUE
C,A,20240101,2024,52,2024,392,JPN,Japan,X,Export,0,W00,World,0,W00,World,H6,HS,TRUE,740319,"Copper; refined, unwrought, n.e.c. in item no. 7403.1",6,TRUE,C00,TOTAL CPC,0,0,TOTAL MOT,-1,N/A,0,FALSE,8,kg,38361038,FALSE,,FALSE,0,FALSE,,362699941.2,362699941.2,0,FALSE,TRUE
C,A,20240101,2024,52,2024,428,LVA,Latvia,X,Export,0,W00,World,0,W00,World,H6,HS,TRUE,740319,"Copper; refined, unwrought, n.e.c. in item no. 7403.1",6,TRUE,C00,TOTAL CPC,0,0,TOTAL MOT,8,kg,21496,FALSE,8,kg,21496,FALSE,21496,FALSE,0,FALSE,,199735.996,199735.996,0,FALSE,TRUE
C,A,20240101,2024,52,2024,458,MYS,Malaysia,M,Import,0,W00,World,0,W00,World,H6,HS,TRUE,740319,"Copper; refined, unwrought, n.e.c. in item no. 7403.1",6,TRUE,C00,TOTAL CPC,0,0,TOTAL MOT,-1,N/A,0,FALSE,8,kg,72089951.04,FALSE,,FALSE,0,FALSE,55675336.74,,55675336.74,0,FALSE,TRUE
C,A,20240101,2024,52,2024,458,MYS,Malaysia,X,Export,0,W00,World,0,W00,World,H6,HS,TRUE,740319,"Copper; refined, unwrought, n.e.c. in item no. 7403.1",6,TRUE,C00,TOTAL CPC,0,0,TOTAL MOT,8,kg,9943822.867,TRUE,8,kg,9965321.92,FALSE,9943822.867,TRUE,0,FALSE,,87199492.14,87199492.14,6,FALSE,TRUE
C,A,20240101,2024,52,2024,528,NLD,Netherlands,M,Import,0,W00,World,0,W00,World,H6,HS,TRUE,260300,Copper ores and concentrates,6,TRUE,C00,TOTAL CPC,0,0,TOTAL MOT,8,kg,147382,FALSE,8,kg,147382,FALSE,147382,FALSE,0,FALSE,327002.29,,327002.29,0,FALSE,TRUE
C,A,20240101,2024,52,2024,528,NLD,Netherlands,X,Export,0,W00,World,0,W00,World,H6,HS,TRUE,260300,Copper ores and concentrates,6,TRUE,C00,TOTAL CPC,0,0,TOTAL MOT,8,kg,346788.77,TRUE,8,kg,346735,FALSE,346788.77,TRUE,0,FALSE,,670161.274,670161.274,6,FALSE,TRUE
C,A,20240101,2024,52,2024,554,NZL,New Zealand,M,Import,0,W00,World,0,W00,World,H6,HS,TRUE,260300,Copper ores and concentrates,6,TRUE,C00,TOTAL CPC,0,0,TOTAL MOT,8,kg,112,FALSE,8,kg,112,FALSE,112,FALSE,160,FALSE,8980.082,8980.082,8980.082,0,FALSE,TRUE
C,A,20240101,2024,52,2024,620,PRT,Portugal,M,Import,0,W00,World,0,W00,World,H6,HS,TRUE,260300,Copper ores and concentrates,6,TRUE,C00,TOTAL CPC,0,0,TOTAL MOT,8,kg,1565025,FALSE,8,kg,1565025,FALSE,1565025,FALSE,0,FALSE,13201723.03,,13201723.03,0,FALSE,TRUE
C,A,20240101,2024,52,2024,620,PRT,Portugal,X,Export,0,W00,World,0,W00,World,H6,HS,TRUE,260300,Copper ores and concentrates,6,TRUE,C00,TOTAL CPC,0,0,TOTAL MOT,8,kg,246244629,FALSE,8,kg,246244629,FALSE,246244629,FALSE,0,FALSE,,419202251.5,419202251.5,0,FALSE,TRUE
C,A,20240101,2024,52,2024,528,NLD,Netherlands,M,Import,0,W00,World,0,W00,World,H6,HS,TRUE,740311,"Copper; refined, unwrought, cathodes and sections of cathodes",6,TRUE,C00,TOTAL CPC,0,0,TOTAL MOT,8,kg,95275903.47,TRUE,8,kg,95275903,FALSE,95275903.47,TRUE,0,FALSE,879743368.5,,879743368.5,6,FALSE,TRUE
C,A,20240101,2024,52,2024,528,NLD,Netherlands,X,Export,0,W00,World,0,W00,World,H6,HS,TRUE,740311,"Copper; refined, unwrought, cathodes and sections of cathodes",6,TRUE,C00,TOTAL CPC,0,0,TOTAL MOT,8,kg,86449729,FALSE,8,kg,86449729,FALSE,86449729,FALSE,0,FALSE,,803151123.6,803151123.6,0,FALSE,TRUE
C,A,20240101,2024,52,2024,554,NZL,New Zealand,M,Import,0,W00,World,0,W00,World,H6,HS,TRUE,740311,"Copper; refined, unwrought, cathodes and sections of cathodes",6,TRUE,C00,TOTAL CPC,0,0,TOTAL MOT,8,kg,150,FALSE,8,kg,150,FALSE,150,FALSE,256,FALSE,3848.52,3481.591,3848.52,0,FALSE,TRUE
C,A,20240101,2024,52,2024,579,NOR,Norway,M,Import,0,W00,World,0,W00,World,H6,HS,TRUE,740311,"Copper; refined, unwrought, cathodes and sections of cathodes",6,TRUE,C00,TOTAL CPC,0,0,TOTAL MOT,8,kg,22911,FALSE,8,kg,22911,FALSE,22911,FALSE,0,FALSE,300106.668,,300106.668,0,FALSE,TRUE
C,A,20240101,2024,52,2024,579,NOR,Norway,X,Export,0,W00,World,0,W00,World,H6,HS,TRUE,740311,"Copper; refined, unwrought, cathodes and sections of cathodes",6,TRUE,C00,TOTAL CPC,0,0,TOTAL MOT,8,kg,18634829,FALSE,8,kg,18634829,FALSE,18634829,FALSE,0,FALSE,,166631497.9,166631497.9,0,FALSE,TRUE
C,A,20240101,2024,52,2024,600,PRY,Paraguay,M,Import,0,W00,World,0,W00,World,H6,HS,TRUE,740311,"Copper; refined, unwrought, cathodes and sections of cathodes",6,TRUE,C00,TOTAL CPC,0,0,TOTAL MOT,8,kg,122.853,FALSE,8,kg,122.853,FALSE,122.853,FALSE,0,FALSE,35.56,32.06,35.56,0,FALSE,TRUE
C,A,20240101,2024,52,2024,620,PRT,Portugal,M,Import,0,W00,World,0,W00,World,H6,HS,TRUE,740311,"Copper; refined, unwrought, cathodes and sections of cathodes",6,TRUE,C00,TOTAL CPC,0,0,TOTAL MOT,8,kg,803910.306,TRUE,-1,N/A,0,FALSE,803910.306,TRUE,0,FALSE,7810978.024,,7810978.024,6,FALSE,TRUE
C,A,20240101,2024,52,2024,620,PRT,Portugal,X,Export,0,W00,World,0,W00,World,H6,HS,TRUE,740311,"Copper; refined, unwrought, cathodes and sections of cathodes",6,TRUE,C00,TOTAL CPC,0,0,TOTAL MOT,8,kg,9,FALSE,8,kg,9,FALSE,9,FALSE,0,FALSE,,99.579,99.579,0,FALSE,TRUE
C,A,20240101,2024,52,2024,498,MDA,Rep. of Moldova,M,Import,0,W00,World,0,W00,World,H6,HS,TRUE,740312,"Copper; refined, unwrought, wire-bars",6,TRUE,C00,TOTAL CPC,0,0,TOTAL MOT,8,kg,103,FALSE,8,kg,103,FALSE,103,FALSE,0,FALSE,1216,,1216,0,FALSE,TRUE
C,A,20240101,2024,52,2024,528,NLD,Netherlands,M,Import,0,W00,World,0,W00,World,H6,HS,TRUE,740312,"Copper; refined, unwrought, wire-bars",6,TRUE,C00,TOTAL CPC,0,0,TOTAL MOT,8,kg,64931.453,TRUE,8,kg,64931,FALSE,64931.453,TRUE,0,FALSE,465302.371,,465302.371,6,FALSE,TRUE
C,A,20240101,2024,52,2024,528,NLD,Netherlands,X,Export,0,W00,World,0,W00,World,H6,HS,TRUE,740312,"Copper; refined, unwrought, wire-bars",6,TRUE,C00,TOTAL CPC,0,0,TOTAL MOT,8,kg,92042.241,TRUE,8,kg,92041,FALSE,92042.241,TRUE,0,FALSE,,722703.268,722703.268,6,FALSE,TRUE
C,A,20240101,2024,52,2024,579,NOR,Norway,M,Import,0,W00,World,0,W00,World,H6,HS,TRUE,740312,"Copper; refined, unwrought, wire-bars",6,TRUE,C00,TOTAL CPC,0,0,TOTAL MOT,8,kg,4417,FALSE,8,kg,4417,FALSE,4417,FALSE,0,FALSE,46811.187,,46811.187,0,FALSE,TRUE
C,A,20240101,2024,52,2024,620,PRT,Portugal,M,Import,0,W00,World,0,W00,World,H6,HS,TRUE,740312,"Copper; refined, unwrought, wire-bars",6,TRUE,C00,TOTAL CPC,0,0,TOTAL MOT,8,kg,3117,FALSE,8,kg,3117,FALSE,3117,FALSE,0,FALSE,47199.365,,47199.365,0,FALSE,TRUE
C,A,20240101,2024,52,2024,528,NLD,Netherlands,M,Import,0,W00,World,0,W00,World,H6,HS,TRUE,740313,"Copper; refined, unwrought, billets",6,TRUE,C00,TOTAL CPC,0,0,TOTAL MOT,8,kg,18710.258,TRUE,8,kg,18707,FALSE,18710.258,TRUE,0,FALSE,161609.144,,161609.144,6,FALSE,TRUE
C,A,20240101,2024,52,2024,528,NLD,Netherlands,X,Export,0,W00,World,0,W00,World,H6,HS,TRUE,740313,"Copper; refined, unwrought, billets",6,TRUE,C00,TOTAL CPC,0,0,TOTAL MOT,8,kg,6,FALSE,8,kg,6,FALSE,6,FALSE,0,FALSE,,28.142,28.142,0,FALSE,TRUE
C,A,20240101,2024,52,2024,579,NOR,Norway,M,Import,0,W00,World,0,W00,World,H6,HS,TRUE,740313,"Copper; refined, unwrought, billets",6,TRUE,C00,TOTAL CPC,0,0,TOTAL MOT,8,kg,27,FALSE,8,kg,27,FALSE,27,FALSE,0,FALSE,2240.912,,2240.912,0,FALSE,TRUE
C,A,20240101,2024,52,2024,579,NOR,Norway,X,Export,0,W00,World,0,W00,World,H6,HS,TRUE,740313,"Copper; refined, unwrought, billets",6,TRUE,C00,TOTAL CPC,0,0,TOTAL MOT,8,kg,83,FALSE,8,kg,83,FALSE,83,FALSE,0,FALSE,,10346.359,10346.359,0,FALSE,TRUE
C,A,20240101,2024,52,2024,620,PRT,Portugal,M,Import,0,W00,World,0,W00,World,H6,HS,TRUE,740313,"Copper; refined, unwrought, billets",6,TRUE,C00,TOTAL CPC,0,0,TOTAL MOT,8,kg,1698,FALSE,8,kg,1698,FALSE,1698,FALSE,0,FALSE,60500.738,,60500.738,0,FALSE,TRUE
C,A,20240101,2024,52,2024,498,MDA,Rep. of Moldova,M,Import,0,W00,World,0,W00,World,H6,HS,TRUE,740319,"Copper; refined, unwrought, n.e.c. in item no. 7403.1",6,TRUE,C00,TOTAL CPC,0,0,TOTAL MOT,8,kg,12,FALSE,8,kg,12,FALSE,12,FALSE,0,FALSE,793,,793,0,FALSE,TRUE
C,A,20240101,2024,52,2024,528,NLD,Netherlands,M,Import,0,W00,World,0,W00,World,H6,HS,TRUE,740319,"Copper; refined, unwrought, n.e.c. in item no. 7403.1",6,TRUE,C00,TOTAL CPC,0,0,TOTAL MOT,8,kg,42406.542,TRUE,8,kg,42406,FALSE,42406.542,TRUE,0,FALSE,677064.696,,677064.696,6,FALSE,TRUE
C,A,20240101,2024,52,2024,528,NLD,Netherlands,X,Export,0,W00,World,0,W00,World,H6,HS,TRUE,740319,"Copper; refined, unwrought, n.e.c. in item no. 7403.1",6,TRUE,C00,TOTAL CPC,0,0,TOTAL MOT,8,kg,2355897,FALSE,8,kg,2355897,FALSE,2355897,FALSE,0,FALSE,,19672151.21,19672151.21,0,FALSE,TRUE
C,A,20240101,2024,52,2024,554,NZL,New Zealand,M,Import,0,W00,World,0,W00,World,H6,HS,TRUE,740319,"Copper; refined, unwrought, n.e.c. in item no. 7403.1",6,TRUE,C00,TOTAL CPC,0,0,TOTAL MOT,8,kg,1115.632,TRUE,8,kg,1115,FALSE,1115.632,TRUE,1223,FALSE,19250.471,19056.713,19250.471,6,FALSE,TRUE
C,A,20240101,2024,52,2024,554,NZL,New Zealand,X,Export,0,W00,World,0,W00,World,H6,HS,TRUE,740319,"Copper; refined, unwrought, n.e.c. in item no. 7403.1",6,TRUE,C00,TOTAL CPC,0,0,TOTAL MOT,8,kg,77075,FALSE,8,kg,77075,FALSE,77075,FALSE,77075,FALSE,,539808.818,539808.818,0,FALSE,TRUE
C,A,20240101,2024,52,2024,579,NOR,Norway,M,Import,0,W00,World,0,W00,World,H6,HS,TRUE,740319,"Copper; refined, unwrought, n.e.c. in item no. 7403.1",6,TRUE,C00,TOTAL CPC,0,0,TOTAL MOT,8,kg,549913,FALSE,8,kg,549913,FALSE,549913,FALSE,0,FALSE,5083954.105,,5083954.105,0,FALSE,TRUE
C,A,20240101,2024,52,2024,579,NOR,Norway,X,Export,0,W00,World,0,W00,World,H6,HS,TRUE,740319,"Copper; refined, unwrought, n.e.c. in item no. 7403.1",6,TRUE,C00,TOTAL CPC,0,0,TOTAL MOT,8,kg,422,FALSE,8,kg,422,FALSE,422,FALSE,0,FALSE,,9292.595,9292.595,0,FALSE,TRUE
C,A,20240101,2024,52,2024,620,PRT,Portugal,M,Import,0,W00,World,0,W00,World,H6,HS,TRUE,740319,"Copper; refined, unwrought, n.e.c. in item no. 7403.1",6,TRUE,C00,TOTAL CPC,0,0,TOTAL MOT,8,kg,1141689,FALSE,8,kg,1141689,FALSE,1141689,FALSE,0,FALSE,10390370.76,,10390370.76,0,FALSE,TRUE
C,A,20240101,2024,52,2024,620,PRT,Portugal,X,Export,0,W00,World,0,W00,World,H6,HS,TRUE,740319,"Copper; refined, unwrought, n.e.c. in item no. 7403.1",6,TRUE,C00,TOTAL CPC,0,0,TOTAL MOT,8,kg,610881,FALSE,8,kg,610881,FALSE,610881,FALSE,0,FALSE,,4758804.754,4758804.754,0,FALSE,TRUE
C,A,20240101,2024,52,2024,710,ZAF,South Africa,M,Import,0,W00,World,0,W00,World,H6,HS,TRUE,260300,Copper ores and concentrates,6,TRUE,C00,TOTAL CPC,0,0,TOTAL MOT,8,kg,25621.31,TRUE,-1,N/A,0,FALSE,0,TRUE,0,FALSE,,57903.75,57903.75,6,FALSE,TRUE
C,A,20240101,2024,52,2024,710,ZAF,South Africa,X,Export,0,W00,World,0,W00,World,H6,HS,TRUE,260300,Copper ores and concentrates,6,TRUE,C00,TOTAL CPC,0,0,TOTAL MOT,8,kg,121148056.5,TRUE,-1,N/A,0,FALSE,121148056.5,TRUE,0,FALSE,,226211776.1,226211776.1,6,FALSE,TRUE
C,A,20240101,2024,52,2024,710,ZAF,South Africa,M,Import,0,W00,World,0,W00,World,H6,HS,TRUE,740311,"Copper; refined, unwrought, cathodes and sections of cathodes",6,TRUE,C00,TOTAL CPC,0,0,TOTAL MOT,8,kg,23293464.1,TRUE,-1,N/A,0,FALSE,0,TRUE,0,FALSE,,205426926.9,205426926.9,6,FALSE,TRUE
C,A,20240101,2024,52,2024,710,ZAF,South Africa,X,Export,0,W00,World,0,W00,World,H6,HS,TRUE,740311,"Copper; refined, unwrought, cathodes and sections of cathodes",6,TRUE,C00,TOTAL CPC,0,0,TOTAL MOT,8,kg,21615950.15,TRUE,-1,N/A,0,FALSE,21615950.15,TRUE,0,FALSE,,191038628.2,191038628.2,6,FALSE,TRUE
C,A,20240101,2024,52,2024,710,ZAF,South Africa,M,Import,0,W00,World,0,W00,World,H6,HS,TRUE,740312,"Copper; refined, unwrought, wire-bars",6,TRUE,C00,TOTAL CPC,0,0,TOTAL MOT,-1,N/A,0,FALSE,-1,N/A,0,FALSE,,FALSE,0,FALSE,,8224.648,8224.648,0,FALSE,TRUE
C,A,20240101,2024,52,2024,710,ZAF,South Africa,M,Import,0,W00,World,0,W00,World,H6,HS,TRUE,740313,"Copper; refined, unwrought, billets",6,TRUE,C00,TOTAL CPC,0,0,TOTAL MOT,8,kg,20547.822,TRUE,-1,N/A,0,FALSE,0,TRUE,0,FALSE,,201365.624,201365.624,6,FALSE,TRUE
C,A,20240101,2024,52,2024,710,ZAF,South Africa,X,Export,0,W00,World,0,W00,World,H6,HS,TRUE,740313,"Copper; refined, unwrought, billets",6,TRUE,C00,TOTAL CPC,0,0,TOTAL MOT,8,kg,2368213.601,TRUE,-1,N/A,0,FALSE,2368213.601,TRUE,0,FALSE,,22684424.75,22684424.75,6,FALSE,TRUE
C,A,20240101,2024,52,2024,710,ZAF,South Africa,M,Import,0,W00,World,0,W00,World,H6,HS,TRUE,740319,"Copper; refined, unwrought, n.e.c. in item no. 7403.1",6,TRUE,C00,TOTAL CPC,0,0,TOTAL MOT,8,kg,80206.366,TRUE,-1,N/A,0,FALSE,0,TRUE,0,FALSE,,753806.978,753806.978,6,FALSE,TRUE
C,A,20240101,2024,52,2024,710,ZAF,South Africa,X,Export,0,W00,World,0,W00,World,H6,HS,TRUE,740319,"Copper; refined, unwrought, n.e.c. in item no. 7403.1",6,TRUE,C00,TOTAL CPC,0,0,TOTAL MOT,8,kg,27687656.28,TRUE,-1,N/A,0,FALSE,27687656.28,TRUE,0,FALSE,,253452878.6,253452878.6,6,FALSE,TRUE
C,A,20240101,2024,52,2024,757,CHE,Switzerland,M,Import,0,W00,World,0,W00,World,H6,HS,TRUE,260300,Copper ores and concentrates,6,TRUE,C00,TOTAL CPC,0,0,TOTAL MOT,8,kg,2341.303,TRUE,-1,N/A,0,FALSE,2341.303,TRUE,0,FALSE,8727.688,,8727.688,6,FALSE,TRUE
C,A,20240101,2024,52,2024,757,CHE,Switzerland,X,Export,0,W00,World,0,W00,World,H6,HS,TRUE,260300,Copper ores and concentrates,6,TRUE,C00,TOTAL CPC,0,0,TOTAL MOT,8,kg,1266.326,TRUE,-1,N/A,0,FALSE,1266.326,TRUE,0,FALSE,,2356.317,2356.317,6,FALSE,TRUE
C,A,20240101,2024,52,2024,764,THA,Thailand,M,Import,0,W00,World,0,W00,World,H6,HS,TRUE,260300,Copper ores and concentrates,6,TRUE,C00,TOTAL CPC,0,0,TOTAL MOT,8,kg,1048977.498,TRUE,8,kg,1048876,FALSE,1048977.498,TRUE,0,FALSE,272637.15,,272637.15,6,FALSE,TRUE
C,A,20240101,2024,52,2024,764,THA,Thailand,X,Export,0,W00,World,0,W00,World,H6,HS,TRUE,260300,Copper ores and concentrates,6,TRUE,C00,TOTAL CPC,0,0,TOTAL MOT,8,kg,1112.732,TRUE,8,kg,1104,FALSE,1112.732,TRUE,0,FALSE,,21920.12,21920.12,6,FALSE,TRUE
C,A,20240101,2024,52,2024,757,CHE,Switzerland,M,Import,0,W00,World,0,W00,World,H6,HS,TRUE,740311,"Copper; refined, unwrought, cathodes and sections of cathodes",6,TRUE,C00,TOTAL CPC,0,0,TOTAL MOT,-1,N/A,0,FALSE,8,kg,487818,FALSE,,FALSE,0,FALSE,4700117.833,,4700117.833,0,FALSE,TRUE
C,A,20240101,2024,52,2024,757,CHE,Switzerland,X,Export,0,W00,World,0,W00,World,H6,HS,TRUE,740311,"Copper; refined, unwrought, cathodes and sections of cathodes",6,TRUE,C00,TOTAL CPC,0,0,TOTAL MOT,8,kg,10042,FALSE,8,kg,10042,FALSE,10042,FALSE,0,FALSE,,117039.863,117039.863,0,FALSE,TRUE
C,A,20240101,2024,52,2024,764,THA,Thailand,M,Import,0,W00,World,0,W00,World,H6,HS,TRUE,740311,"Copper; refined, unwrought, cathodes and sections of cathodes",6,TRUE,C00,TOTAL CPC,0,0,TOTAL MOT,-1,N/A,0,FALSE,8,kg,328317737,FALSE,,FALSE,0,FALSE,3103540081,,3103540081,0,FALSE,TRUE
C,A,20240101,2024,52,2024,764,THA,Thailand,X,Export,0,W00,World,0,W00,World,H6,HS,TRUE,740311,"Copper; refined, unwrought, cathodes and sections of cathodes",6,TRUE,C00,TOTAL CPC,0,0,TOTAL MOT,8,kg,23834643,FALSE,8,kg,23834643,FALSE,23834643,FALSE,0,FALSE,,185980793.1,185980793.1,0,FALSE,TRUE
C,A,20240101,2024,52,2024,757,CHE,Switzerland,M,Import,0,W00,World,0,W00,World,H6,HS,TRUE,740312,"Copper; refined, unwrought, wire-bars",6,TRUE,C00,TOTAL CPC,0,0,TOTAL MOT,8,kg,28.674,TRUE,-1,N/A,0,FALSE,28.674,TRUE,0,FALSE,338.564,,338.564,6,FALSE,TRUE
C,A,20240101,2024,52,2024,757,CHE,Switzerland,X,Export,0,W00,World,0,W00,World,H6,HS,TRUE,740312,"Copper; refined, unwrought, wire-bars",6,TRUE,C00,TOTAL CPC,0,0,TOTAL MOT,8,kg,528,FALSE,8,kg,528,FALSE,528,FALSE,0,FALSE,,27895.199,27895.199,0,FALSE,TRUE
C,A,20240101,2024,52,2024,764,THA,Thailand,M,Import,0,W00,World,0,W00,World,H6,HS,TRUE,740312,"Copper; refined, unwrought, wire-bars",6,TRUE,C00,TOTAL CPC,0,0,TOTAL MOT,8,kg,78,FALSE,8,kg,78,FALSE,78,FALSE,0,FALSE,7741.45,,7741.45,0,FALSE,TRUE
C,A,20240101,2024,52,2024,764,THA,Thailand,X,Export,0,W00,World,0,W00,World,H6,HS,TRUE,740312,"Copper; refined, unwrought, wire-bars",6,TRUE,C00,TOTAL CPC,0,0,TOTAL MOT,8,kg,80494,FALSE,8,kg,80494,FALSE,80494,FALSE,0,FALSE,,718780,718780,0,FALSE,TRUE
C,A,20240101,2024,52,2024,757,CHE,Switzerland,M,Import,0,W00,World,0,W00,World,H6,HS,TRUE,740313,"Copper; refined, unwrought, billets",6,TRUE,C00,TOTAL CPC,0,0,TOTAL MOT,8,kg,57686,FALSE,8,kg,57686,FALSE,57686,FALSE,0,FALSE,697184.569,,697184.569,0,FALSE,TRUE
C,A,20240101,2024,52,2024,757,CHE,Switzerland,X,Export,0,W00,World,0,W00,World,H6,HS,TRUE,740313,"Copper; refined, unwrought, billets",6,TRUE,C00,TOTAL CPC,0,0,TOTAL MOT,8,kg,3,FALSE,8,kg,3,FALSE,3,FALSE,0,FALSE,,510.119,510.119,0,FALSE,TRUE
C,A,20240101,2024,52,2024,764,THA,Thailand,M,Import,0,W00,World,0,W00,World,H6,HS,TRUE,740313,"Copper; refined, unwrought, billets",6,TRUE,C00,TOTAL CPC,0,0,TOTAL MOT,8,kg,7162803,FALSE,8,kg,7162803,FALSE,7162803,FALSE,0,FALSE,70244458.47,,70244458.47,0,FALSE,TRUE
C,A,20240101,2024,52,2024,764,THA,Thailand,X,Export,0,W00,World,0,W00,World,H6,HS,TRUE,740313,"Copper; refined, unwrought, billets",6,TRUE,C00,TOTAL CPC,0,0,TOTAL MOT,8,kg,220720,FALSE,8,kg,220720,FALSE,220720,FALSE,0,FALSE,,863897.48,863897.48,0,FALSE,TRUE
C,A,20240101,2024,52,2024,757,CHE,Switzerland,M,Import,0,W00,World,0,W00,World,H6,HS,TRUE,740319,"Copper; refined, unwrought, n.e.c. in item no. 7403.1",6,TRUE,C00,TOTAL CPC,0,0,TOTAL MOT,-1,N/A,0,FALSE,-1,N/A,0,FALSE,,FALSE,0,FALSE,1215717.389,,1215717.389,0,FALSE,TRUE
C,A,20240101,2024,52,2024,757,CHE,Switzerland,X,Export,0,W00,World,0,W00,World,H6,HS,TRUE,740319,"Copper; refined, unwrought, n.e.c. in item no. 7403.1",6,TRUE,C00,TOTAL CPC,0,0,TOTAL MOT,8,kg,457706.042,TRUE,-1,N/A,0,FALSE,457706.042,TRUE,0,FALSE,,3660173.26,3660173.26,6,FALSE,TRUE
C,A,20240101,2024,52,2024,764,THA,Thailand,M,Import,0,W00,World,0,W00,World,H6,HS,TRUE,740319,"Copper; refined, unwrought, n.e.c. in item no. 7403.1",6,TRUE,C00,TOTAL CPC,0,0,TOTAL MOT,8,kg,5721449.18,TRUE,8,kg,5721431,FALSE,5721449.18,TRUE,0,FALSE,54700320.22,,54700320.22,6,FALSE,TRUE
C,A,20240101,2024,52,2024,764,THA,Thailand,X,Export,0,W00,World,0,W00,World,H6,HS,TRUE,740319,"Copper; refined, unwrought, n.e.c. in item no. 7403.1",6,TRUE,C00,TOTAL CPC,0,0,TOTAL MOT,8,kg,3252025.81,TRUE,8,kg,3251909,FALSE,3252025.81,TRUE,0,FALSE,,29192578.4,29192578.4,6,FALSE,TRUE
C,A,20240101,2024,52,2024,792,TUR,Trkiye,M,Import,0,W00,World,0,W00,World,H6,HS,TRUE,260300,Copper ores and concentrates,6,TRUE,C00,TOTAL CPC,0,0,TOTAL MOT,8,kg,62235,FALSE,8,kg,62235,FALSE,62235,FALSE,0,FALSE,114074,105576.53,114074,0,FALSE,TRUE
C,A,20240101,2024,52,2024,792,TUR,Trkiye,X,Export,0,W00,World,0,W00,World,H6,HS,TRUE,260300,Copper ores and concentrates,6,TRUE,C00,TOTAL CPC,0,0,TOTAL MOT,8,kg,473575927,FALSE,8,kg,473575927,FALSE,473575927,FALSE,0,FALSE,,662291999,662291999,0,FALSE,TRUE
C,A,20240101,2024,52,2024,807,MKD,North Macedonia,X,Export,0,W00,World,0,W00,World,H6,HS,TRUE,260300,Copper ores and concentrates,6,TRUE,C00,TOTAL CPC,0,0,TOTAL MOT,8,kg,35340819,FALSE,8,kg,35340819,FALSE,35340819,FALSE,0,FALSE,,72814149.13,72814149.13,0,FALSE,TRUE
C,A,20240101,2024,52,2024,826,GBR,United Kingdom,M,Import,0,W00,World,0,W00,World,H6,HS,TRUE,260300,Copper ores and concentrates,6,TRUE,C00,TOTAL CPC,0,0,TOTAL MOT,-1,N/A,0,FALSE,8,kg,1333,FALSE,,FALSE,0,FALSE,244737.259,,244737.259,0,FALSE,TRUE
C,A,20240101,2024,52,2024,826,GBR,United Kingdom,X,Export,0,W00,World,0,W00,World,H6,HS,TRUE,260300,Copper ores and concentrates,6,TRUE,C00,TOTAL CPC,0,0,TOTAL MOT,8,kg,70543,FALSE,8,kg,70543,FALSE,70543,FALSE,0,FALSE,,190512.809,190512.809,0,FALSE,TRUE
C,A,20240101,2024,52,2024,842,USA,USA,M,Import,0,W00,World,0,W00,World,H6,HS,TRUE,260300,Copper ores and concentrates,6,TRUE,C00,TOTAL CPC,0,0,TOTAL MOT,8,kg,472038,FALSE,8,kg,472038,FALSE,472038,FALSE,0,FALSE,320761,314237,320761,0,FALSE,TRUE
C,A,20240101,2024,52,2024,842,USA,USA,X,Export,0,W00,World,0,W00,World,H6,HS,TRUE,260300,Copper ores and concentrates,6,TRUE,C00,TOTAL CPC,0,0,TOTAL MOT,-1,N/A,0,FALSE,-1,N/A,0,FALSE,,FALSE,0,FALSE,,2810621782,2810621782,0,FALSE,TRUE
C,A,20240101,2024,52,2024,860,UZB,Uzbekistan,M,Import,0,W00,World,0,W00,World,H6,HS,TRUE,260300,Copper ores and concentrates,6,TRUE,C00,TOTAL CPC,0,0,TOTAL MOT,8,kg,77349890,FALSE,21,1000 KG,77349.89,FALSE,77349890,FALSE,0,FALSE,237916531,,237916531,0,FALSE,TRUE
C,A,20240101,2024,52,2024,860,UZB,Uzbekistan,X,Export,0,W00,World,0,W00,World,H6,HS,TRUE,260300,Copper ores and concentrates,6,TRUE,C00,TOTAL CPC,0,0,TOTAL MOT,8,kg,152780,FALSE,21,1000 KG,152.78,FALSE,152780,FALSE,0,FALSE,,166254,166254,0,FALSE,TRUE
C,A,20240101,2024,52,2024,792,TUR,Trkiye,M,Import,0,W00,World,0,W00,World,H6,HS,TRUE,740311,"Copper; refined, unwrought, cathodes and sections of cathodes",6,TRUE,C00,TOTAL CPC,0,0,TOTAL MOT,8,kg,359678936,FALSE,8,kg,359678936,FALSE,359678936,FALSE,0,FALSE,3349784187,3056433954,3349784187,0,FALSE,TRUE
C,A,20240101,2024,52,2024,792,TUR,Trkiye,X,Export,0,W00,World,0,W00,World,H6,HS,TRUE,740311,"Copper; refined, unwrought, cathodes and sections of cathodes",6,TRUE,C00,TOTAL CPC,0,0,TOTAL MOT,-1,N/A,0,FALSE,8,kg,1035547,FALSE,,FALSE,0,FALSE,,8969567,8969567,0,FALSE,TRUE
C,A,20240101,2024,52,2024,807,MKD,North Macedonia,M,Import,0,W00,World,0,W00,World,H6,HS,TRUE,740311,"Copper; refined, unwrought, cathodes and sections of cathodes",6,TRUE,C00,TOTAL CPC,0,0,TOTAL MOT,8,kg,219059,FALSE,8,kg,219059,FALSE,219059,FALSE,0,FALSE,1999926.45,,1999926.45,0,FALSE,TRUE
C,A,20240101,2024,52,2024,807,MKD,North Macedonia,X,Export,0,W00,World,0,W00,World,H6,HS,TRUE,740311,"Copper; refined, unwrought, cathodes and sections of cathodes",6,TRUE,C00,TOTAL CPC,0,0,TOTAL MOT,8,kg,690371,FALSE,8,kg,690371,FALSE,690371,FALSE,0,FALSE,,6271490.96,6271490.96,0,FALSE,TRUE
C,A,20240101,2024,52,2024,826,GBR,United Kingdom,M,Import,0,W00,World,0,W00,World,H6,HS,TRUE,740311,"Copper; refined, unwrought, cathodes and sections of cathodes",6,TRUE,C00,TOTAL CPC,0,0,TOTAL MOT,-1,N/A,0,FALSE,8,kg,10126305,FALSE,,FALSE,0,FALSE,94741992,,94741992,0,FALSE,TRUE
C,A,20240101,2024,52,2024,826,GBR,United Kingdom,X,Export,0,W00,World,0,W00,World,H6,HS,TRUE,740311,"Copper; refined, unwrought, cathodes and sections of cathodes",6,TRUE,C00,TOTAL CPC,0,0,TOTAL MOT,-1,N/A,0,FALSE,8,kg,8791,FALSE,,FALSE,0,FALSE,,170505.514,170505.514,0,FALSE,TRUE
C,A,20240101,2024,52,2024,842,USA,USA,M,Import,0,W00,World,0,W00,World,H6,HS,TRUE,740311,"Copper; refined, unwrought, cathodes and sections of cathodes",6,TRUE,C00,TOTAL CPC,0,0,TOTAL MOT,-1,N/A,0,FALSE,8,kg,907795475,FALSE,,FALSE,0,FALSE,8536729637,8474483678,8536729637,0,FALSE,TRUE
C,A,20240101,2024,52,2024,842,USA,USA,X,Export,0,W00,World,0,W00,World,H6,HS,TRUE,740311,"Copper; refined, unwrought, cathodes and sections of cathodes",6,TRUE,C00,TOTAL CPC,0,0,TOTAL MOT,-1,N/A,0,FALSE,8,kg,161247770,FALSE,,FALSE,0,FALSE,,1586129375,1586129375,0,FALSE,TRUE
C,A,20240101,2024,52,2024,854,BFA,Burkina Faso,M,Import,0,W00,World,0,W00,World,H6,HS,TRUE,740311,"Copper; refined, unwrought, cathodes and sections of cathodes",6,TRUE,C00,TOTAL CPC,0,0,TOTAL MOT,8,kg,1649,FALSE,8,kg,1649,FALSE,1649,FALSE,0,FALSE,18226.246,,18226.246,0,FALSE,TRUE
C,A,20240101,2024,52,2024,860,UZB,Uzbekistan,X,Export,0,W00,World,0,W00,World,H6,HS,TRUE,740311,"Copper; refined, unwrought, cathodes and sections of cathodes",6,TRUE,C00,TOTAL CPC,0,0,TOTAL MOT,8,kg,78264160,FALSE,21,1000 KG,78264.16,FALSE,78264160,FALSE,0,FALSE,,687599178,687599178,0,FALSE,TRUE
C,A,20240101,2024,52,2024,792,TUR,Trkiye,M,Import,0,W00,World,0,W00,World,H6,HS,TRUE,740312,"Copper; refined, unwrought, wire-bars",6,TRUE,C00,TOTAL CPC,0,0,TOTAL MOT,8,kg,208,FALSE,8,kg,208,FALSE,208,FALSE,0,FALSE,5213,4595,5213,0,FALSE,TRUE
C,A,20240101,2024,52,2024,792,TUR,Trkiye,X,Export,0,W00,World,0,W00,World,H6,HS,TRUE,740312,"Copper; refined, unwrought, wire-bars",6,TRUE,C00,TOTAL CPC,0,0,TOTAL MOT,8,kg,1603,FALSE,8,kg,1603,FALSE,1603,FALSE,0,FALSE,,17611,17611,0,FALSE,TRUE
C,A,20240101,2024,52,2024,807,MKD,North Macedonia,M,Import,0,W00,World,0,W00,World,H6,HS,TRUE,740312,"Copper; refined, unwrought, wire-bars",6,TRUE,C00,TOTAL CPC,0,0,TOTAL MOT,8,kg,43,FALSE,8,kg,43,FALSE,43,FALSE,0,FALSE,232.37,,232.37,0,FALSE,TRUE
C,A,20240101,2024,52,2024,826,GBR,United Kingdom,M,Import,0,W00,World,0,W00,World,H6,HS,TRUE,740312,"Copper; refined, unwrought, wire-bars",6,TRUE,C00,TOTAL CPC,0,0,TOTAL MOT,8,kg,391,FALSE,8,kg,391,FALSE,391,FALSE,0,FALSE,19676.269,,19676.269,0,FALSE,TRUE
C,A,20240101,2024,52,2024,826,GBR,United Kingdom,X,Export,0,W00,World,0,W00,World,H6,HS,TRUE,740312,"Copper; refined, unwrought, wire-bars",6,TRUE,C00,TOTAL CPC,0,0,TOTAL MOT,8,kg,930,FALSE,8,kg,930,FALSE,930,FALSE,0,FALSE,,16823.562,16823.562,0,FALSE,TRUE
C,A,20240101,2024,52,2024,842,USA,USA,M,Import,0,W00,World,0,W00,World,H6,HS,TRUE,740312,"Copper; refined, unwrought, wire-bars",6,TRUE,C00,TOTAL CPC,0,0,TOTAL MOT,8,kg,216,FALSE,8,kg,216,FALSE,216,FALSE,0,FALSE,7263,7261,7263,0,FALSE,TRUE
C,A,20240101,2024,52,2024,842,USA,USA,X,Export,0,W00,World,0,W00,World,H6,HS,TRUE,740312,"Copper; refined, unwrought, wire-bars",6,TRUE,C00,TOTAL CPC,0,0,TOTAL MOT,8,kg,11752564,FALSE,8,kg,11752564,FALSE,11752564,FALSE,0,FALSE,,19344591,19344591,0,FALSE,TRUE
C,A,20240101,2024,52,2024,792,TUR,Trkiye,M,Import,0,W00,World,0,W00,World,H6,HS,TRUE,740313,"Copper; refined, unwrought, billets",6,TRUE,C00,TOTAL CPC,0,0,TOTAL MOT,8,kg,949924,FALSE,8,kg,949924,FALSE,949924,FALSE,0,FALSE,9470185,8483302,9470185,0,FALSE,TRUE
C,A,20240101,2024,52,2024,792,TUR,Trkiye,X,Export,0,W00,World,0,W00,World,H6,HS,TRUE,740313,"Copper; refined, unwrought, billets",6,TRUE,C00,TOTAL CPC,0,0,TOTAL MOT,8,kg,474775,FALSE,8,kg,474775,FALSE,474775,FALSE,0,FALSE,,3681042,3681042,0,FALSE,TRUE
C,A,20240101,2024,52,2024,807,MKD,North Macedonia,M,Import,0,W00,World,0,W00,World,H6,HS,TRUE,740313,"Copper; refined, unwrought, billets",6,TRUE,C00,TOTAL CPC,0,0,TOTAL MOT,8,kg,52,FALSE,8,kg,52,FALSE,52,FALSE,0,FALSE,854.53,,854.53,0,FALSE,TRUE
C,A,20240101,2024,52,2024,826,GBR,United Kingdom,M,Import,0,W00,World,0,W00,World,H6,HS,TRUE,740313,"Copper; refined, unwrought, billets",6,TRUE,C00,TOTAL CPC,0,0,TOTAL MOT,8,kg,3868,FALSE,8,kg,3868,FALSE,3868,FALSE,0,FALSE,124059.549,,124059.549,0,FALSE,TRUE
C,A,20240101,2024,52,2024,826,GBR,United Kingdom,X,Export,0,W00,World,0,W00,World,H6,HS,TRUE,740313,"Copper; refined, unwrought, billets",6,TRUE,C00,TOTAL CPC,0,0,TOTAL MOT,-1,N/A,0,FALSE,8,kg,16789,FALSE,,FALSE,0,FALSE,,114066.126,114066.126,0,FALSE,TRUE
C,A,20240101,2024,52,2024,842,USA,USA,M,Import,0,W00,World,0,W00,World,H6,HS,TRUE,740313,"Copper; refined, unwrought, billets",6,TRUE,C00,TOTAL CPC,0,0,TOTAL MOT,8,kg,967814,FALSE,8,kg,967814,FALSE,967814,FALSE,0,FALSE,10149490,9881902,10149490,0,FALSE,TRUE
C,A,20240101,2024,52,2024,842,USA,USA,X,Export,0,W00,World,0,W00,World,H6,HS,TRUE,740313,"Copper; refined, unwrought, billets",6,TRUE,C00,TOTAL CPC,0,0,TOTAL MOT,8,kg,259010.242,TRUE,8,kg,251693,FALSE,259010.242,TRUE,0,FALSE,,1804982,1804982,6,FALSE,TRUE
C,A,20240101,2024,52,2024,792,TUR,Trkiye,M,Import,0,W00,World,0,W00,World,H6,HS,TRUE,740319,"Copper; refined, unwrought, n.e.c. in item no. 7403.1",6,TRUE,C00,TOTAL CPC,0,0,TOTAL MOT,8,kg,6875503,FALSE,8,kg,6875503,FALSE,6875503,FALSE,0,FALSE,60108892,53137843.25,60108892,0,FALSE,TRUE
C,A,20240101,2024,52,2024,792,TUR,Trkiye,X,Export,0,W00,World,0,W00,World,H6,HS,TRUE,740319,"Copper; refined, unwrought, n.e.c. in item no. 7403.1",6,TRUE,C00,TOTAL CPC,0,0,TOTAL MOT,8,kg,4419640,FALSE,8,kg,4419640,FALSE,4419640,FALSE,0,FALSE,,39014463,39014463,0,FALSE,TRUE
C,A,20240101,2024,52,2024,807,MKD,North Macedonia,M,Import,0,W00,World,0,W00,World,H6,HS,TRUE,740319,"Copper; refined, unwrought, n.e.c. in item no. 7403.1",6,TRUE,C00,TOTAL CPC,0,0,TOTAL MOT,8,kg,9.628,TRUE,8,kg,1,FALSE,9.628,TRUE,0,FALSE,146.58,,146.58,6,FALSE,TRUE
C,A,20240101,2024,52,2024,826,GBR,United Kingdom,M,Import,0,W00,World,0,W00,World,H6,HS,TRUE,740319,"Copper; refined, unwrought, n.e.c. in item no. 7403.1",6,TRUE,C00,TOTAL CPC,0,0,TOTAL MOT,8,kg,422262.25,TRUE,-1,N/A,0,FALSE,422262.25,TRUE,0,FALSE,1991885.168,,1991885.168,6,FALSE,TRUE
C,A,20240101,2024,52,2024,826,GBR,United Kingdom,X,Export,0,W00,World,0,W00,World,H6,HS,TRUE,740319,"Copper; refined, unwrought, n.e.c. in item no. 7403.1",6,TRUE,C00,TOTAL CPC,0,0,TOTAL MOT,-1,N/A,0,FALSE,-1,N/A,0,FALSE,,FALSE,0,FALSE,,5220734.758,5220734.758,0,FALSE,TRUE
C,A,20240101,2024,52,2024,842,USA,USA,M,Import,0,W00,World,0,W00,World,H6,HS,TRUE,740319,"Copper; refined, unwrought, n.e.c. in item no. 7403.1",6,TRUE,C00,TOTAL CPC,0,0,TOTAL MOT,-1,N/A,0,FALSE,8,kg,1310545,FALSE,,FALSE,0,FALSE,15538194,15051768,15538194,0,FALSE,TRUE
C,A,20240101,2024,52,2024,842,USA,USA,X,Export,0,W00,World,0,W00,World,H6,HS,TRUE,740319,"Copper; refined, unwrought, n.e.c. in item no. 7403.1",6,TRUE,C00,TOTAL CPC,0,0,TOTAL MOT,8,kg,14449067,FALSE,8,kg,14449067,FALSE,14449067,FALSE,0,FALSE,,125504807,125504807,0,FALSE,TRUE
C,A,20240101,2024,52,2024,854,BFA,Burkina Faso,M,Import,0,W00,World,0,W00,World,H6,HS,TRUE,740319,"Copper; refined, unwrought, n.e.c. in item no. 7403.1",6,TRUE,C00,TOTAL CPC,0,0,TOTAL MOT,8,kg,8384,FALSE,8,kg,8384,FALSE,8384,FALSE,0,FALSE,5153.813,,5153.813,0,FALSE,TRUE
C,A,20240101,2024,52,2024,860,UZB,Uzbekistan,M,Import,0,W00,World,0,W00,World,H6,HS,TRUE,740319,"Copper; refined, unwrought, n.e.c. in item no. 7403.1",6,TRUE,C00,TOTAL CPC,0,0,TOTAL MOT,8,kg,1062.543,TRUE,21,1000 KG,1.05,FALSE,1062.543,TRUE,0,FALSE,12535.98,,12535.98,6,FALSE,TRUE
